"uID","rec1","rec2","rec3","rec4","rec5","rec6","rec7","rec8","rec9","rec10","rec11","rec12","rec13","rec14","rec15","rec16","rec17","rec18","rec19","rec20","rec21","rec22","rec23","rec24","rec25","rec26","rec27","rec28","rec29","rec30","rec31","rec32","rec33","rec34","rec35","rec36","rec37","rec38","rec39","rec40","rec41","rec42","rec43","rec44","rec45","rec46","rec47","rec48","rec49","rec50","rec51","rec52","rec53","rec54","rec55","rec56","rec57","rec58","rec59","rec60","rec61","rec62","rec63","rec64","rec65","rec66","rec67","rec68","rec69","rec70","rec71","rec72","rec73","rec74","rec75","rec76","rec77","rec78","rec79","rec80","rec81","rec82","rec83","rec84","rec85","rec86","rec87","rec88","rec89","rec90","rec91","rec92","rec93","rec94","rec95","rec96","rec97","rec98","rec99","rec100"
1,44,85,78,80,43,10,16,9,77,38,86,100,75,73,67,22,6,51,60,87,81,30,24,74,3,23,41,57,94,72,33,55,2,34,39,1,25,50,95,76,37,4,45,56,83,35,64,90,59,79,82,11,98,12,93,42,99,70,96,91,66,84,27,36,88,92,52,26,21,89,40,32,29,63,18,58,69,65,53,31,48,14,54,49,47,46,62,68,61,97,5,8,28,19,15,17,71,7,20,13
5,7,1,10,29,89,50,53,2,16,94,13,15,36,91,100,95,64,96,86,60,88,35,49,8,92,97,17,11,62,87,65,81,93,18,31,37,32,69,14,21,98,76,66,83,42,82,48,72,19,38,56,45,55,41,85,68,90,47,40,3,27,61,9,54,84,78,39,26,22,46,23,28,12,57,25,4,63,67,99,34,77,70,43,75,5,73,59,6,20,52,71,33,30,51,24,44,58,79,74,80
7,1,36,10,27,2,7,64,29,93,50,66,89,81,87,69,32,35,11,40,54,8,56,96,31,42,18,53,48,88,21,68,62,20,45,100,3,55,72,13,43,91,41,17,61,80,76,49,15,83,34,12,4,37,25,23,97,22,19,77,28,67,47,52,90,51,59,63,60,70,46,38,6,39,71,94,5,14,57,9,92,84,85,95,86,98,58,82,78,99,26,73,74,65,44,75,33,79,16,24,30
8,50,53,69,35,32,65,89,29,49,42,68,62,66,56,14,76,28,26,61,72,47,6,87,54,31,12,21,96,36,92,83,93,39,97,91,27,88,70,38,81,34,48,98,80,11,78,23,45,95,73,63,77,9,94,46,2,10,25,67,84,59,90,43,55,99,1,22,18,52,79,82,40,86,41,100,75,19,30,17,24,85,37,74,71,64,3,57,44,8,5,4,20,51,33,7,60,58,16,15,13
11,89,50,36,29,27,15,1,7,35,88,2,72,76,31,83,53,66,21,32,95,91,48,80,77,60,78,54,10,93,49,85,3,98,97,62,100,11,81,56,87,92,61,69,65,82,73,68,45,28,40,90,13,64,96,86,19,14,52,5,8,25,75,26,46,42,34,84,22,6,79,71,39,38,94,63,55,99,47,12,20,41,17,33,70,74,59,18,23,4,51,37,30,43,9,67,57,44,24,58,16
13,2,10,29,65,1,50,3,60,100,21,11,45,98,83,64,35,42,81,22,51,39,53,31,36,76,41,85,14,17,26,54,34,66,49,15,25,40,32,55,6,46,33,7,88,4,56,87,69,89,12,23,43,91,9,44,52,73,27,48,38,67,72,93,61,78,30,96,94,79,16,62,80,82,70,57,24,37,59,63,86,75,5,99,13,8,68,18,95,58,28,97,84,90,77,92,47,74,19,20,71
14,89,86,1,90,93,62,82,32,49,85,76,60,10,71,68,8,84,64,96,48,36,88,77,44,27,54,100,81,23,28,73,15,50,99,31,7,3,41,35,87,66,78,2,11,40,83,51,80,42,72,29,38,97,47,19,21,79,59,95,69,94,63,56,91,39,9,92,45,18,75,46,61,30,53,20,33,24,4,6,74,25,57,43,52,12,98,70,65,37,14,22,55,17,26,34,67,5,13,58,16
15,21,27,29,48,36,1,10,22,50,53,66,69,42,11,35,31,65,72,12,14,93,26,34,88,25,54,91,39,56,81,2,46,96,8,62,32,52,38,49,45,76,100,40,61,68,5,84,89,13,55,82,97,78,64,99,28,90,87,63,95,85,3,83,6,23,47,92,4,98,17,94,70,30,51,73,37,79,9,60,59,19,43,67,41,18,33,71,80,75,7,44,86,15,24,77,57,74,58,20,16
17,72,76,78,73,85,83,27,100,21,1,87,36,81,91,29,75,49,88,89,66,47,22,61,52,35,80,39,31,65,42,60,6,33,25,3,93,70,97,95,59,9,57,69,34,30,77,64,28,54,51,10,24,79,68,50,92,55,82,90,23,4,98,41,12,56,48,5,43,40,84,62,71,94,11,46,45,26,37,67,53,74,2,96,20,99,18,14,32,38,63,86,7,44,17,19,13,15,58,16,8
23,89,91,76,97,96,87,93,62,88,78,35,68,72,94,92,32,83,53,81,77,50,80,82,79,84,47,75,73,61,29,90,49,36,56,28,95,99,69,46,71,27,40,85,100,19,31,70,98,42,34,65,39,66,52,14,12,48,86,26,6,38,21,55,11,54,25,74,1,20,67,22,45,23,63,10,43,59,9,30,8,4,37,5,7,18,41,17,64,60,3,24,51,33,57,15,2,13,58,16,44
30,2,50,29,27,36,31,21,18,22,49,65,10,54,57,42,81,69,53,9,32,11,1,91,34,25,35,61,5,72,44,7,66,64,100,55,60,46,16,76,87,28,26,97,23,88,94,67,48,93,56,45,8,52,12,14,24,39,89,43,3,4,83,40,70,19,38,6,68,17,13,33,62,98,96,15,41,58,59,82,37,30,63,80,85,73,47,86,95,78,20,90,92,84,51,79,77,74,99,75,71
32,36,50,27,54,5,35,32,31,72,61,78,49,89,53,80,1,25,22,21,10,66,69,81,11,93,28,87,56,18,40,60,48,38,95,29,2,85,42,46,76,19,83,62,73,64,39,34,6,65,77,51,100,88,92,75,52,98,68,12,23,55,70,3,45,26,84,44,41,59,13,90,14,86,96,8,82,15,43,30,57,47,9,4,99,74,79,97,91,33,7,67,20,63,94,24,37,17,16,58,71
34,61,31,46,2,42,69,39,100,49,12,40,50,21,11,54,22,32,56,6,55,66,38,5,34,36,41,35,26,70,19,52,24,80,30,9,29,43,27,68,47,73,59,67,10,53,25,85,4,62,65,14,23,28,72,78,76,77,45,63,3,64,51,48,7,88,1,79,57,33,91,13,90,74,84,89,92,83,81,98,87,18,60,94,99,37,82,95,75,44,97,86,93,96,58,20,71,16,8,15,17
38,95,60,94,27,38,10,36,90,72,23,78,40,22,21,91,88,50,97,76,82,44,35,55,11,84,25,9,54,62,3,89,19,57,28,61,31,18,29,59,39,83,85,86,12,34,100,20,1,69,64,63,56,52,42,48,43,81,30,67,68,66,65,70,32,26,73,47,93,99,6,49,46,87,33,45,92,2,96,24,53,41,77,7,5,14,80,37,75,4,79,16,98,51,74,15,8,71,17,58,13
43,7,29,50,31,54,42,53,35,2,65,21,17,46,32,69,11,13,61,14,36,56,100,26,49,66,40,39,83,62,68,1,5,89,8,27,72,98,22,34,25,48,12,38,6,52,10,51,93,64,80,47,28,19,76,4,45,87,41,97,78,3,85,55,81,91,63,88,20,75,59,70,37,23,95,77,60,92,33,15,71,73,30,82,90,18,43,84,96,67,74,79,94,99,9,24,58,57,86,44,16
44,54,69,36,6,61,49,38,22,42,12,27,46,32,31,28,10,23,66,45,11,62,39,25,9,41,50,47,55,1,5,68,56,40,59,48,70,2,87,34,60,21,3,64,18,63,30,35,72,88,24,57,52,44,65,14,76,93,26,43,67,89,19,81,86,53,78,94,100,29,73,82,33,95,96,85,97,91,37,4,51,92,20,84,90,80,77,13,83,75,15,79,99,74,98,58,16,71,8,7,17
49,53,89,28,68,32,72,50,62,49,27,35,20,29,31,47,61,78,54,34,80,25,83,93,81,97,70,56,88,36,76,77,92,22,19,65,52,82,71,90,66,73,75,84,87,98,26,14,48,95,91,5,46,10,94,21,63,69,40,1,6,85,11,42,17,55,79,45,96,12,99,37,8,18,2,100,43,39,67,64,86,74,4,38,23,7,59,30,13,15,51,3,33,41,58,60,9,16,57,24,44
50,87,6,80,78,70,76,28,96,93,69,45,89,72,63,12,66,77,39,49,90,73,84,75,88,36,99,3,83,27,61,48,43,30,32,98,34,11,42,23,10,53,67,14,55,51,50,81,33,91,41,25,79,40,94,35,9,60,22,86,56,97,26,65,92,47,54,59,21,68,1,62,38,95,85,52,46,82,37,31,64,74,4,44,24,2,100,57,29,5,71,19,58,15,8,18,20,17,7,16,13
53,35,50,53,83,65,76,98,29,89,80,32,73,72,62,26,56,78,49,68,87,14,17,6,91,66,92,93,77,54,79,69,95,61,36,81,27,88,85,75,47,100,96,42,28,70,21,38,97,48,90,5,12,39,63,20,99,84,31,94,18,45,82,7,34,11,74,1,51,52,19,46,30,55,9,23,16,40,4,10,25,43,2,67,3,59,37,86,22,33,41,57,60,71,24,8,64,13,15,58,44
56,21,49,27,29,62,36,65,50,68,20,54,7,53,32,5,66,89,31,18,69,48,47,28,61,95,42,35,19,72,100,92,6,12,26,83,39,56,2,63,46,14,86,93,71,76,90,38,34,82,17,11,97,8,73,98,77,25,81,45,78,22,60,40,13,87,85,88,70,84,96,51,91,57,59,23,9,52,99,94,4,41,1,74,3,10,80,79,15,30,55,75,37,44,33,43,24,67,64,16,58
58,32,38,5,54,35,62,50,18,56,69,68,36,66,63,31,49,42,8,88,48,80,11,26,6,15,61,14,47,10,19,65,29,89,60,93,77,96,12,45,13,76,85,53,23,73,21,86,39,90,87,1,83,46,28,72,98,27,44,100,55,16,79,82,91,3,9,95,22,70,34,74,92,41,94,57,99,25,84,7,81,40,59,78,37,2,30,97,43,75,24,33,20,52,64,17,4,67,71,58,51
61,54,69,46,13,36,42,66,29,7,21,2,50,61,49,53,56,31,22,14,48,47,6,39,27,12,11,35,26,68,45,32,25,34,62,28,72,65,100,38,55,89,40,10,70,1,93,92,95,3,87,52,63,23,60,59,18,76,41,19,81,15,20,78,88,97,51,91,4,37,73,64,85,83,30,96,98,67,9,80,77,94,43,33,5,71,82,75,84,24,17,57,74,8,79,99,86,90,16,58,44
63,29,50,35,32,68,62,89,53,65,5,56,61,36,69,66,31,27,54,88,2,47,76,48,26,46,49,72,6,21,83,19,12,78,85,91,11,13,39,40,97,92,14,8,38,100,18,42,84,63,73,28,1,45,87,71,80,98,55,25,22,70,93,95,90,34,77,52,10,30,37,96,7,51,75,81,79,99,82,94,23,4,59,15,43,64,86,3,60,67,9,41,33,17,20,74,57,24,44,58,16
70,53,27,65,50,31,81,29,36,73,26,14,32,76,78,72,35,61,34,54,98,56,21,49,83,69,6,80,12,89,68,66,62,87,79,100,93,51,42,2,77,75,39,47,3,85,11,70,45,52,40,28,92,46,10,48,25,88,91,38,96,22,99,17,84,1,5,82,74,95,97,41,90,30,94,60,86,71,15,43,19,33,59,55,23,24,9,8,67,63,64,4,20,37,57,13,7,16,44,18,58
72,86,44,38,89,8,62,95,49,90,96,23,28,1,32,93,13,50,60,9,66,68,48,97,31,46,64,84,36,18,29,35,92,2,61,54,69,10,47,94,99,15,71,22,3,55,41,57,63,24,76,81,27,56,87,51,25,53,65,88,16,82,70,59,91,42,77,26,45,11,34,14,85,73,19,21,37,7,6,12,43,52,83,30,67,78,39,74,98,40,72,20,17,33,100,75,79,58,80,4,5
74,89,49,32,76,69,35,68,73,62,50,83,53,66,36,27,87,93,65,72,77,29,80,46,78,61,6,79,48,42,14,96,92,85,28,12,31,47,39,98,56,54,26,91,88,82,8,38,11,81,75,21,70,95,71,34,100,84,45,86,99,94,17,63,97,90,22,5,55,23,74,30,13,10,25,18,43,3,9,59,40,1,67,51,52,41,19,37,4,20,33,2,24,15,16,60,64,57,44,58,7
76,80,78,83,53,72,98,81,65,73,87,50,92,93,35,77,76,89,79,75,96,95,26,14,29,70,100,91,99,84,90,27,85,88,6,32,56,61,52,34,36,47,7,62,74,17,66,40,48,54,68,28,97,21,5,11,49,69,39,94,86,42,12,82,23,55,38,45,31,20,30,25,4,9,19,22,59,10,63,51,2,41,43,1,67,3,46,24,44,60,33,64,18,57,37,71,8,13,15,58,16
78,86,95,90,94,82,96,89,84,44,28,93,16,77,99,49,38,92,9,10,48,60,76,63,97,18,88,87,62,73,91,23,78,32,1,57,19,36,8,43,66,68,37,72,64,50,85,27,30,67,24,47,69,81,35,45,3,74,79,70,55,80,20,83,59,6,12,71,75,61,33,15,53,39,31,21,56,54,100,42,41,40,11,51,65,58,29,98,14,26,7,22,4,5,34,46,25,2,52,13,17
82,8,90,27,99,49,84,72,93,7,29,89,81,36,32,96,50,54,82,60,78,19,15,28,53,21,48,18,63,31,100,94,68,35,3,69,42,17,5,87,66,34,83,76,39,62,91,86,11,12,10,16,45,97,73,61,22,6,75,71,2,88,79,57,46,51,9,65,25,98,40,13,30,85,77,56,1,70,33,24,52,95,80,38,47,14,26,92,55,4,64,44,20,67,41,23,74,43,37,58,59
86,85,73,79,34,82,84,99,76,90,80,77,96,78,39,52,47,22,11,88,12,25,100,83,91,21,70,30,92,95,81,40,94,59,41,56,31,27,93,72,48,29,10,9,14,23,97,42,89,74,43,46,26,69,1,68,35,98,36,28,49,66,38,63,55,51,24,50,87,45,61,20,2,62,3,6,53,71,67,75,65,33,4,32,64,37,86,57,60,5,19,54,18,17,44,58,13,8,7,15,16
89,21,28,7,11,49,86,19,38,72,83,60,89,14,82,97,81,34,98,94,54,29,25,3,22,66,71,26,23,41,52,48,90,70,95,31,78,27,77,42,68,8,2,61,62,65,32,100,91,93,36,40,99,76,50,9,15,73,35,96,59,80,88,84,10,47,69,24,39,56,1,46,85,92,55,64,79,53,74,51,87,45,57,33,12,4,67,43,6,30,44,75,63,18,37,13,5,17,16,58,20
94,7,29,60,3,55,91,94,45,6,46,69,22,54,65,10,36,89,23,2,40,66,63,88,50,67,42,97,43,39,87,11,9,12,41,1,62,86,21,44,48,26,15,35,34,83,27,56,33,53,76,68,59,25,47,95,14,72,13,4,64,49,30,70,100,98,96,57,38,37,19,93,92,32,78,61,81,90,24,18,82,31,28,84,51,71,85,99,52,80,5,16,77,75,58,74,79,73,20,8,17
96,7,53,50,32,89,65,5,35,66,1,93,54,83,68,62,92,29,48,95,36,98,56,72,27,81,86,87,61,11,40,47,97,38,3,78,100,64,76,91,80,90,21,88,41,77,60,14,10,49,31,44,69,23,19,15,8,96,26,17,51,75,46,13,4,84,42,59,6,33,55,45,28,24,74,18,37,2,9,94,63,25,99,43,67,30,70,22,57,39,85,20,52,12,34,58,73,82,16,71,79
98,71,66,89,69,48,27,68,29,11,31,21,40,10,72,2,62,49,63,90,93,25,36,8,19,6,1,28,84,82,42,56,95,46,35,83,96,59,22,100,61,12,50,39,47,99,34,88,86,94,32,14,23,54,41,92,97,87,78,77,26,76,45,53,38,64,85,52,9,65,91,43,70,80,98,30,67,4,3,55,60,73,18,74,57,51,37,7,79,33,81,5,24,75,44,15,58,20,16,17,13
106,16,65,36,53,27,13,31,7,50,5,46,21,17,35,29,22,98,49,8,18,83,32,14,11,10,69,42,60,26,81,89,2,55,54,61,34,15,38,12,100,25,44,39,3,95,94,62,19,57,56,91,66,85,23,6,87,76,88,67,68,1,51,9,41,43,72,64,86,40,45,90,97,78,37,92,59,58,93,73,52,48,80,4,82,24,70,47,75,28,96,33,84,63,99,79,30,74,77,71,20
109,89,94,86,28,90,82,96,19,62,68,95,93,63,32,77,97,99,18,47,84,48,23,49,88,78,71,92,10,76,6,91,54,38,87,70,50,43,35,72,60,73,20,66,9,67,16,83,40,36,55,80,61,59,79,44,8,81,45,69,64,56,27,1,85,30,11,12,75,37,53,29,57,41,22,74,34,3,46,24,42,31,14,39,25,26,100,58,4,52,98,33,65,21,2,15,7,51,17,5,13
115,29,50,35,65,83,49,89,42,53,32,31,21,54,17,62,68,27,8,69,61,72,11,5,56,76,12,36,39,28,98,6,2,26,14,81,45,34,100,1,97,91,10,66,87,93,88,78,40,46,73,47,38,48,94,63,95,25,82,80,19,92,70,71,96,22,77,52,84,7,85,90,75,16,64,79,3,51,37,30,15,41,20,23,55,33,43,67,59,9,60,74,4,13,86,99,18,58,24,57,44
118,2,81,80,29,50,31,98,51,11,35,73,27,83,21,61,100,72,36,56,85,54,78,77,26,14,5,52,42,40,34,87,53,39,76,6,93,49,32,79,3,45,65,66,19,12,41,38,75,25,69,28,74,70,89,1,88,84,17,99,82,48,96,90,97,46,10,22,47,92,95,7,59,30,33,62,91,68,23,64,63,60,24,9,4,8,94,20,43,55,15,86,71,37,67,13,57,18,44,16,58
121,53,72,42,89,39,78,69,36,76,12,27,50,6,93,54,34,21,73,87,29,28,49,14,45,95,82,68,88,77,85,56,84,40,92,32,65,62,79,90,11,83,63,35,96,70,94,97,66,91,26,25,48,61,46,81,80,100,22,75,47,52,98,19,38,2,31,51,30,99,3,86,41,7,23,10,59,33,74,60,55,71,1,9,4,8,37,43,17,20,67,15,13,64,5,44,24,57,18,16,58
123,21,29,91,76,36,88,97,40,27,32,50,42,68,62,54,5,1,34,35,72,69,65,19,25,10,66,82,94,47,48,39,100,31,20,89,61,81,22,49,28,85,56,26,12,46,73,83,93,53,90,52,70,79,96,63,84,78,14,38,7,11,2,71,77,55,64,45,99,43,8,15,4,92,87,98,95,80,6,13,37,18,67,17,51,86,3,23,74,75,59,60,41,58,30,33,16,44,9,57,24
130,27,29,65,49,83,21,42,54,89,90,12,28,69,84,72,34,68,39,98,99,50,53,26,35,32,14,78,6,22,82,48,62,31,25,46,93,36,94,95,66,56,97,76,47,61,73,63,19,70,8,11,96,38,71,80,77,51,85,86,52,91,45,75,17,30,3,81,100,88,79,5,40,23,92,16,55,87,60,10,13,43,1,2,41,74,67,59,37,9,20,33,64,44,24,7,15,4,57,58,18
132,78,83,89,72,84,98,7,75,8,90,99,86,95,32,93,77,80,38,96,35,68,87,39,81,97,50,94,27,12,11,6,65,36,14,91,22,34,25,17,62,71,53,51,54,63,28,88,30,45,29,19,76,82,40,42,3,23,48,52,69,26,49,70,10,21,55,60,92,47,85,41,66,1,100,46,33,56,13,74,73,31,61,59,37,64,79,4,43,44,67,5,16,9,15,24,20,2,57,58,18
135,50,35,12,42,69,53,39,89,32,21,65,62,92,36,95,28,81,83,49,70,38,98,76,6,72,73,54,87,61,56,27,29,68,80,14,78,26,34,25,96,45,79,66,77,31,40,51,93,10,85,22,47,88,46,9,52,30,86,84,7,55,75,43,100,48,99,67,23,3,24,82,4,94,37,17,19,11,97,63,57,33,91,1,74,90,64,59,44,60,20,41,18,58,16,5,2,8,13,15,71
139,31,29,27,65,49,1,3,10,46,50,54,21,83,35,36,48,76,98,64,66,45,61,44,91,89,88,38,32,43,12,23,5,26,56,69,93,86,62,67,81,97,55,53,41,11,60,14,95,2,51,6,15,68,47,100,28,42,94,80,40,33,22,34,72,7,37,96,59,30,87,4,39,25,63,92,9,24,84,78,77,90,70,85,99,82,17,58,16,74,52,73,8,13,57,75,20,19,79,71,18
153,38,76,70,54,28,96,47,69,49,87,6,62,66,72,93,61,91,97,88,12,42,56,46,68,14,48,81,26,73,36,32,94,21,41,34,77,78,45,63,95,23,39,92,55,35,59,11,67,9,43,1,50,22,80,40,25,86,10,20,79,98,30,31,83,74,85,65,89,99,82,27,37,100,29,52,53,84,18,90,4,64,24,75,7,3,33,57,51,2,19,71,60,44,5,58,13,17,16,8,15
158,80,83,91,76,72,78,77,98,88,97,81,73,89,93,79,34,87,96,75,40,92,100,70,52,42,39,85,21,12,99,84,14,94,27,25,11,95,35,90,6,47,69,74,54,66,36,61,65,82,53,22,26,68,48,45,30,28,50,10,55,29,32,7,31,71,56,1,59,63,23,41,43,67,4,19,46,51,62,86,38,49,3,33,5,9,64,24,37,20,17,60,57,18,8,2,58,44,13,15,16
166,19,61,31,89,7,46,48,49,32,66,27,28,50,72,40,11,93,2,62,97,53,21,29,8,68,69,54,90,35,20,36,88,56,47,84,80,99,82,5,94,60,100,78,42,23,77,87,10,83,1,13,91,96,3,71,22,63,86,95,39,38,14,25,52,64,55,9,76,41,6,57,26,18,24,70,81,30,17,59,65,33,15,34,85,45,12,44,98,4,92,37,67,51,73,75,43,79,74,16,58
192,89,36,87,1,69,62,76,93,29,68,49,28,72,32,66,50,11,35,97,27,73,71,2,91,96,34,56,100,70,81,88,82,83,61,10,78,42,40,47,21,48,39,53,31,14,85,52,12,41,77,45,25,64,94,86,38,23,54,92,84,26,22,80,79,37,59,43,65,95,8,98,4,99,6,55,63,7,46,90,3,67,75,51,30,18,19,33,9,74,60,20,57,17,5,24,44,15,13,58,16
193,54,20,66,61,28,47,68,49,69,36,72,42,6,48,62,32,31,89,93,40,19,21,39,78,77,53,11,46,87,73,83,27,70,76,14,50,34,80,71,79,92,63,52,100,82,29,56,51,88,75,25,81,35,26,95,12,23,85,41,22,59,90,65,97,45,38,10,7,98,17,86,84,96,74,1,5,99,94,18,91,55,30,2,4,13,3,64,8,43,37,33,67,60,9,24,44,15,57,58,16
194,8,16,86,94,54,15,60,89,7,90,19,32,44,93,68,63,48,13,96,62,95,10,97,28,49,91,82,71,38,1,84,88,50,18,23,64,99,20,3,29,47,45,55,9,66,5,53,42,77,72,92,35,37,69,27,6,36,11,22,81,57,67,21,87,76,58,56,61,24,33,83,46,43,65,30,31,59,78,74,70,40,12,25,39,17,41,14,26,4,100,2,85,80,34,75,51,98,73,52,79
195,29,36,35,50,38,61,62,27,88,66,68,69,97,94,32,91,28,56,49,47,31,95,19,5,76,89,46,48,11,2,26,22,40,72,55,18,93,87,10,23,21,54,70,65,96,14,67,25,34,78,90,43,84,12,9,53,37,92,60,57,81,82,59,3,99,83,42,20,6,39,63,71,45,1,24,86,30,16,8,52,100,73,41,85,64,98,80,4,33,77,75,51,44,15,79,58,13,74,7,17
197,27,48,66,36,53,46,69,21,10,50,49,56,76,23,89,72,61,44,93,40,47,60,9,62,35,95,55,65,54,14,22,68,26,70,28,34,32,38,57,88,94,1,87,29,43,31,92,18,73,96,3,91,42,67,81,24,12,78,6,25,39,11,59,45,85,64,82,79,99,86,84,30,2,100,97,80,37,19,15,77,13,83,16,41,4,52,90,33,8,20,74,63,5,51,98,58,71,75,7,17
201,89,32,68,49,69,62,28,54,36,93,72,66,87,27,8,61,50,76,35,53,47,42,19,48,29,71,97,56,18,6,31,88,20,5,96,73,82,81,91,46,7,78,12,70,39,92,94,86,45,63,21,77,100,79,95,11,38,40,80,83,75,84,34,85,23,90,99,13,25,22,65,55,52,14,26,15,4,10,9,37,1,3,30,57,17,59,67,2,60,44,43,64,16,33,74,24,41,58,98,51
204,72,78,83,91,80,76,98,89,87,77,53,81,27,65,75,93,88,73,50,35,79,96,36,32,69,21,97,92,94,95,66,82,100,42,49,31,99,68,84,39,62,85,29,12,61,6,90,86,14,26,74,56,17,48,46,54,34,11,70,43,67,5,55,9,71,47,28,38,18,30,41,59,24,8,23,10,51,57,40,52,45,44,1,19,3,60,20,4,22,33,2,63,64,37,25,58,16,15,7,13
206,71,89,62,8,68,90,2,19,86,93,29,32,84,48,27,82,96,11,97,28,77,40,66,99,46,36,47,50,49,72,94,61,54,21,81,83,78,35,87,31,92,59,13,3,60,69,88,63,20,85,91,41,15,56,42,76,95,64,75,51,23,37,26,65,22,1,53,14,24,100,25,33,30,5,9,52,73,43,55,39,38,80,74,70,4,79,45,7,34,10,67,12,98,57,6,18,17,16,58,44
207,81,42,22,46,9,38,21,55,23,72,39,76,87,83,54,50,41,6,10,96,65,25,85,78,95,60,34,44,98,94,93,69,91,3,100,40,45,14,49,59,90,43,70,88,47,12,67,80,4,35,73,86,32,26,27,56,11,36,53,24,1,29,66,52,77,82,57,64,89,61,37,79,84,68,51,92,99,28,74,30,31,63,97,33,75,48,2,18,13,62,7,16,15,58,19,5,20,17,8,71
209,38,19,90,11,27,95,23,36,54,73,78,61,28,35,76,40,50,6,60,82,63,72,84,94,49,12,45,56,3,62,31,32,89,81,80,5,59,39,85,42,68,97,88,44,20,100,83,43,77,47,69,79,91,29,75,30,70,41,87,2,86,21,26,93,10,33,92,46,67,14,9,8,53,55,99,66,64,15,51,96,48,74,7,34,18,65,24,57,98,1,52,22,71,25,4,37,16,17,58,13
211,5,29,35,50,10,36,65,1,53,27,89,32,15,56,62,83,31,68,95,18,38,8,61,16,88,98,92,47,3,19,60,81,40,66,13,26,49,64,17,100,2,69,76,11,55,45,85,87,22,48,93,25,34,73,57,91,46,54,14,21,94,51,37,12,70,43,23,28,82,80,96,9,79,67,7,44,52,59,97,58,20,41,72,6,84,86,42,4,24,78,33,39,90,71,99,63,75,30,74,77
220,53,27,65,50,80,36,35,83,98,14,12,31,78,26,42,39,72,21,29,34,81,69,89,100,56,73,6,52,75,76,61,32,87,85,79,25,66,40,54,93,22,11,51,17,2,77,62,91,68,99,92,46,88,45,49,70,3,48,84,96,95,97,47,82,5,90,10,19,28,1,63,30,23,4,59,74,94,55,41,33,38,43,67,20,64,71,37,13,60,16,8,18,7,9,15,24,44,58,57,86
221,94,29,89,36,39,91,10,88,42,76,83,46,40,72,28,61,69,55,78,70,49,66,21,97,34,93,35,19,90,87,96,22,50,99,80,82,1,73,63,60,48,84,54,11,81,68,3,2,43,31,45,62,47,56,12,95,23,20,27,79,71,6,67,85,25,77,59,98,32,75,41,64,53,51,100,92,13,15,26,65,18,30,33,37,52,5,14,38,86,9,7,74,4,16,57,44,17,8,24,58
222,36,27,21,10,54,2,66,11,46,1,69,49,40,22,31,12,48,3,5,34,25,42,26,45,6,50,28,35,61,65,56,14,39,32,38,29,88,62,76,60,81,15,72,55,33,64,82,19,13,68,70,30,41,63,78,87,100,9,43,51,23,59,24,18,53,91,93,57,52,85,94,4,67,73,97,37,47,75,83,98,79,80,90,8,96,84,7,89,17,71,44,99,58,92,74,77,20,95,16,86
225,54,31,46,36,61,69,66,49,21,63,53,48,65,50,29,26,42,12,14,32,62,40,56,68,22,25,19,27,28,35,100,13,2,18,47,34,52,7,45,38,6,39,93,90,97,20,72,96,76,11,70,4,88,10,1,89,5,82,55,17,84,85,91,64,92,81,73,98,23,37,95,94,30,87,83,51,67,3,59,79,8,99,15,43,78,41,58,9,33,71,16,60,80,57,77,44,86,74,24,75
229,53,89,29,50,35,32,68,62,7,65,56,76,72,42,91,47,83,93,54,21,31,88,36,78,61,49,39,81,97,27,96,69,5,87,92,66,99,95,12,48,1,98,13,75,6,45,100,14,46,90,63,26,73,8,38,34,3,28,10,19,84,80,11,40,17,60,85,70,55,94,25,22,51,86,20,77,79,23,15,52,33,64,30,82,71,41,43,67,18,44,4,59,9,74,2,37,57,24,16,58
232,42,21,29,46,100,50,5,61,2,51,85,65,39,38,22,11,66,31,54,26,73,40,35,47,83,25,81,98,32,76,72,69,95,14,34,70,53,92,49,78,93,94,41,36,80,56,77,27,52,86,55,3,23,68,6,48,91,88,24,12,89,67,9,59,62,30,87,79,74,97,43,10,19,45,33,4,75,82,16,28,37,60,20,90,96,99,1,84,44,57,64,17,63,8,7,71,13,58,18,15
239,91,78,90,75,97,93,76,72,81,87,96,77,88,80,84,89,82,94,99,83,35,86,74,92,50,62,73,71,85,27,32,9,60,68,33,57,100,95,36,24,29,43,56,44,79,30,3,63,98,2,66,28,67,38,53,19,8,48,18,49,21,59,11,1,4,6,41,55,23,51,26,42,70,47,65,45,5,40,39,12,64,61,31,54,37,7,34,10,69,52,17,22,46,14,20,25,15,58,16,13
241,10,38,60,90,1,88,95,23,94,91,78,3,76,11,28,50,43,64,72,22,84,27,55,35,97,82,34,99,67,36,70,81,44,9,49,31,83,25,59,54,86,40,57,63,29,41,89,30,52,45,12,2,32,62,93,73,61,24,56,33,96,80,6,21,18,85,5,26,87,65,92,66,68,77,48,98,51,14,47,39,69,37,79,20,75,46,100,42,53,4,19,74,15,8,17,71,58,16,7,13
243,7,69,11,14,42,53,65,54,13,36,29,1,46,10,50,66,56,26,39,17,22,35,40,55,12,21,64,2,100,6,83,27,38,49,61,48,4,72,62,25,41,89,23,98,95,87,32,63,31,47,76,68,34,60,59,9,91,70,67,45,18,78,30,28,93,5,88,43,92,33,52,57,8,80,37,94,24,19,90,3,96,97,75,84,15,85,77,73,20,74,58,16,44,82,79,81,51,71,86,99
246,76,73,80,69,53,36,79,35,91,27,88,87,85,50,89,66,72,39,42,78,32,83,92,93,5,100,98,56,77,61,21,95,12,6,75,94,81,70,48,49,68,82,96,29,97,54,65,31,34,62,47,19,28,10,16,99,11,14,84,55,26,38,40,74,45,51,23,52,43,22,67,25,59,46,1,30,3,4,41,7,90,86,44,8,37,63,9,18,64,33,20,2,24,13,58,17,60,71,15,57
256,49,29,13,32,18,5,50,36,54,61,46,8,38,31,27,35,69,28,66,2,62,56,15,65,68,53,19,26,11,17,48,7,42,93,72,14,16,10,21,76,47,34,20,87,22,40,60,1,81,45,70,55,6,57,100,63,12,94,88,89,39,91,3,97,25,82,73,23,83,64,98,44,9,96,41,90,78,86,79,95,37,84,67,52,51,43,80,85,33,24,58,99,59,4,30,75,74,77,92,71
257,27,32,34,76,54,50,36,25,53,35,61,81,52,31,12,80,89,62,88,22,97,91,14,38,49,28,6,83,70,72,98,65,46,69,21,68,56,26,42,93,47,40,66,11,92,77,95,73,45,78,87,55,18,23,1,10,94,48,85,39,96,63,79,5,90,3,9,99,29,100,51,64,86,19,41,84,75,30,20,67,82,59,57,43,17,24,60,4,74,37,33,2,13,44,8,7,58,16,71,15
267,49,89,54,32,35,62,68,50,36,53,27,29,28,69,72,76,66,93,47,61,56,81,87,42,92,83,31,97,65,91,46,6,19,13,21,48,78,12,7,8,88,95,80,82,71,5,73,98,77,26,38,94,14,45,96,75,18,86,70,34,39,63,15,90,84,100,20,11,79,22,17,55,23,85,3,1,25,40,99,16,2,10,59,52,74,64,4,51,67,41,43,30,60,37,33,9,44,58,24,57
274,66,36,48,69,21,27,49,54,31,1,29,88,89,61,35,50,87,10,62,76,6,93,100,72,53,46,65,60,56,42,7,26,91,14,95,64,97,32,11,3,45,68,28,37,85,83,55,18,38,94,40,23,39,4,2,47,22,25,52,96,92,12,80,98,9,81,70,15,82,78,73,67,5,57,8,86,43,71,77,34,19,33,59,63,51,13,20,44,79,16,41,30,17,24,75,58,74,99,84,90
275,21,69,42,65,27,53,12,36,49,61,34,31,14,39,66,26,54,6,50,56,98,29,35,72,76,62,83,51,32,46,25,87,22,68,52,28,89,11,100,2,78,80,70,81,47,93,48,41,40,45,3,92,75,91,38,73,5,17,59,96,23,10,95,77,97,30,88,79,1,99,33,9,63,74,55,84,24,4,67,90,71,94,60,19,57,85,64,43,86,82,20,44,16,58,13,37,18,8,15,7
276,54,18,62,49,38,32,68,36,86,28,69,89,47,66,50,61,60,46,35,48,63,29,13,27,8,95,45,94,93,16,56,19,10,15,31,57,1,9,6,22,42,23,71,12,97,3,81,88,26,20,72,96,21,92,53,5,55,44,90,11,76,25,70,2,91,65,14,82,87,34,37,24,99,40,59,84,41,77,64,39,30,67,83,43,51,78,33,100,74,73,7,85,98,58,80,52,17,4,79,75
279,53,27,12,68,69,56,35,32,42,62,36,54,47,45,50,72,89,93,28,6,46,34,39,76,22,49,66,21,87,14,81,25,61,29,31,26,88,48,91,97,63,78,65,80,96,92,38,70,52,83,73,82,98,3,40,84,30,51,79,85,77,55,94,11,99,75,19,90,33,23,100,41,95,10,13,59,9,1,67,43,4,2,71,74,7,86,60,37,24,64,20,57,18,5,17,15,44,58,8,16
283,1,10,8,96,93,86,48,62,94,88,91,49,60,46,66,11,32,36,38,68,27,29,55,89,69,90,28,99,97,21,77,82,87,84,76,64,50,42,3,70,44,45,71,61,63,23,31,40,43,15,34,35,54,72,22,9,47,67,12,56,74,39,83,81,92,95,65,18,78,53,14,5,41,26,17,13,19,79,57,6,73,51,2,30,25,100,59,37,80,33,85,7,98,20,75,24,52,4,58,16
285,83,81,98,72,91,27,35,93,29,36,5,76,87,78,88,100,50,80,89,19,31,97,18,65,17,49,66,90,95,54,96,61,99,82,11,92,77,85,94,53,46,8,48,32,60,26,69,86,40,21,75,38,84,62,73,3,7,28,68,14,57,9,6,22,79,42,34,74,25,23,52,24,47,71,20,4,56,63,12,39,15,55,1,41,10,45,59,70,2,30,44,13,33,43,67,64,51,37,16,58
286,72,28,80,78,76,54,49,77,89,73,83,90,82,69,7,75,36,42,35,93,87,27,68,32,84,94,95,47,19,91,92,88,20,62,70,12,50,6,79,85,97,39,23,81,34,22,30,63,61,66,59,38,18,25,99,96,55,24,40,71,56,48,74,100,53,43,9,86,46,11,26,21,14,10,4,98,57,31,67,33,52,37,65,45,5,13,44,60,16,41,64,3,29,1,17,8,58,51,2,15
290,81,77,78,96,72,80,93,87,97,84,94,82,90,27,36,91,75,83,95,92,98,99,25,12,21,71,74,89,88,7,28,22,100,45,19,20,40,62,39,68,86,34,37,4,11,67,70,85,76,26,52,48,43,63,42,47,10,1,14,30,59,56,32,38,35,41,6,69,51,49,55,50,9,54,3,73,23,64,66,33,46,53,29,60,79,31,65,5,61,57,2,58,18,24,16,15,17,13,44,8
291,6,21,12,72,78,68,42,65,56,62,54,100,39,26,89,45,76,14,47,61,81,69,40,29,66,49,11,53,51,25,87,92,28,27,35,70,85,30,88,97,50,32,38,23,22,31,93,63,59,46,83,34,73,41,3,52,96,91,82,90,36,77,75,84,33,94,48,4,80,37,9,1,95,43,86,71,98,10,67,2,24,55,74,79,99,44,64,19,60,5,57,58,8,7,20,17,18,15,16,13
292,77,89,72,36,66,27,80,28,54,78,82,93,69,73,49,6,48,19,83,87,32,76,81,92,62,86,79,84,95,96,12,50,90,98,94,35,75,68,88,63,18,20,42,39,99,85,21,71,45,97,70,91,74,61,100,5,53,30,34,7,51,47,31,11,29,38,65,56,10,9,8,25,26,14,59,3,40,23,16,52,22,41,24,17,60,43,33,1,55,57,4,15,2,67,46,37,64,44,58,13
302,89,94,53,92,91,96,50,87,93,35,16,95,80,78,32,67,88,55,90,81,76,62,43,97,68,10,77,9,75,56,72,47,84,44,27,86,70,23,99,24,36,37,82,83,66,48,57,64,22,69,1,58,6,28,40,59,60,30,19,61,49,79,38,34,73,4,3,42,12,46,65,100,33,14,39,29,18,98,74,54,26,85,63,45,25,21,52,41,20,31,51,71,2,11,8,13,7,15,17,5
305,65,52,83,22,23,9,59,4,26,100,70,14,25,34,43,41,67,98,3,11,33,40,45,24,30,55,51,57,46,6,12,92,61,31,60,21,1,44,37,53,29,64,10,80,85,50,35,39,2,56,95,73,28,47,42,38,49,63,89,81,74,87,68,79,66,69,27,78,77,54,62,76,82,36,88,96,72,97,91,86,94,48,32,58,5,17,93,90,75,84,99,71,18,19,20,7,15,8,13,16
307,20,72,100,76,27,83,89,21,78,47,29,40,85,73,68,54,7,36,49,53,61,39,50,80,97,42,11,77,62,82,6,81,28,88,98,35,1,91,32,69,51,95,66,92,87,93,14,75,31,56,79,71,65,48,94,19,12,26,70,52,41,4,2,17,59,37,46,45,84,5,25,23,34,10,64,74,90,30,22,38,99,3,86,43,33,96,63,55,67,60,8,13,9,24,18,15,58,57,16,44
309,89,94,95,96,93,92,86,87,62,76,82,36,84,68,90,88,71,28,91,97,77,10,78,48,47,23,72,27,43,1,18,49,73,69,20,70,67,81,60,85,59,44,66,63,32,9,55,99,37,50,79,54,35,64,45,6,53,40,75,83,57,19,12,46,30,38,56,8,22,61,16,80,34,74,15,25,39,3,29,14,24,42,65,100,11,4,21,33,41,26,31,58,51,52,7,2,98,17,13,5
310,78,72,28,89,73,93,77,82,83,87,96,49,80,21,36,81,62,85,53,19,34,66,48,84,65,7,52,79,76,68,98,90,27,6,70,75,25,39,100,69,12,14,31,32,92,97,71,54,11,42,45,63,61,26,99,50,40,88,30,86,51,95,94,35,41,56,47,22,59,74,91,2,29,23,9,33,3,4,10,17,38,20,43,18,60,46,37,1,24,55,67,5,57,64,8,44,15,13,58,16
312,10,76,1,91,93,42,96,88,62,46,55,68,89,43,64,48,21,69,53,9,94,27,67,87,49,90,40,97,23,66,72,39,36,11,65,32,12,54,47,63,56,50,29,28,60,44,61,22,30,84,70,57,41,86,14,59,6,45,35,26,34,33,31,78,92,7,71,81,24,83,99,38,2,82,3,73,4,25,95,37,100,85,8,18,77,75,79,51,13,80,19,17,20,74,98,58,52,5,16,15
313,1,76,88,89,10,93,62,68,28,32,49,64,77,60,91,87,36,96,47,73,97,90,61,54,27,48,53,50,72,40,56,18,31,85,70,35,82,86,69,42,66,29,78,80,92,55,9,94,71,79,43,57,84,81,63,19,83,95,6,45,75,20,34,21,25,46,11,3,38,33,30,39,52,22,67,12,74,23,99,100,65,37,15,41,14,24,7,26,59,8,4,2,51,98,5,44,13,17,58,16
315,42,53,39,65,83,98,21,92,54,81,100,73,72,6,80,69,14,78,12,27,35,26,95,36,50,87,76,61,85,75,77,40,31,11,89,34,51,7,17,25,5,62,56,29,79,49,45,93,47,22,38,66,74,3,30,70,32,68,9,24,23,19,28,10,33,48,52,96,46,41,82,60,88,4,86,59,84,91,90,99,94,43,67,55,44,20,16,57,63,97,1,37,15,64,18,58,13,8,2,71
320,8,28,71,68,89,62,49,32,86,19,5,63,90,54,48,36,84,82,47,94,97,27,11,1,95,66,38,69,93,77,99,96,6,61,12,10,76,20,18,88,23,45,92,64,35,29,50,40,91,60,70,78,3,30,46,13,83,44,56,31,53,15,59,16,87,55,72,51,73,39,9,74,7,14,43,81,37,21,42,65,80,22,26,24,34,41,75,25,67,79,57,33,85,17,58,52,100,98,4,2
321,54,81,29,65,36,27,21,83,76,50,5,40,45,46,3,88,42,35,69,12,72,66,34,10,98,39,61,47,31,26,49,78,89,22,32,68,48,6,91,93,25,62,11,92,14,53,28,100,1,38,87,73,77,70,96,80,82,95,79,85,84,56,2,51,97,52,55,86,94,15,30,90,19,60,63,99,75,41,33,23,71,9,59,74,24,43,64,4,67,17,8,20,7,37,13,57,44,18,58,16
324,62,54,68,56,47,69,66,53,36,32,35,50,15,48,76,28,29,89,49,14,45,38,70,26,65,27,11,23,6,61,3,10,92,87,93,60,1,55,46,18,88,59,67,43,94,73,12,63,91,72,95,2,22,96,5,64,40,9,34,97,41,25,71,42,81,37,30,21,39,8,24,16,78,84,57,79,83,33,86,58,4,44,31,82,80,19,85,20,98,77,99,100,52,90,51,13,74,75,7,17
326,54,36,53,27,46,29,61,14,31,56,65,49,50,26,68,81,11,34,93,28,62,35,69,45,22,42,66,21,72,47,12,89,3,92,32,48,25,83,40,87,2,52,78,77,39,38,13,76,97,70,95,17,6,91,100,15,51,98,63,80,96,19,60,75,84,90,55,74,73,88,41,33,59,71,30,23,8,82,10,7,1,79,94,5,99,85,18,20,9,4,67,64,86,24,43,57,37,44,58,16
327,29,27,2,36,48,8,31,28,66,61,49,69,50,93,1,11,10,40,54,89,34,45,35,25,32,52,21,12,81,22,71,62,63,5,96,19,72,68,70,84,64,46,42,56,87,39,83,76,6,99,38,88,65,86,26,90,82,97,73,3,100,95,14,18,53,98,55,78,47,23,13,30,79,91,43,85,41,37,51,17,15,4,77,92,9,20,7,59,94,67,60,80,33,44,74,57,24,75,58,16
331,28,49,6,69,54,42,12,68,39,32,62,63,66,48,61,77,89,11,14,72,76,38,47,21,36,26,80,78,31,93,27,83,50,92,65,23,56,59,46,70,30,73,87,35,96,90,95,45,53,82,86,41,88,71,84,98,22,34,9,99,97,75,74,29,25,20,55,19,91,60,33,43,85,94,51,40,79,2,10,18,5,67,3,52,57,100,24,37,1,4,44,64,81,8,17,13,58,7,15,16
333,78,90,89,91,76,75,94,97,92,77,72,83,88,93,96,80,87,84,81,50,62,68,32,65,53,54,35,63,95,42,86,30,47,36,6,82,98,66,43,9,12,28,55,67,59,70,24,39,21,33,73,85,56,49,41,48,69,99,60,22,37,46,74,7,27,45,51,23,18,29,4,57,3,34,25,40,26,79,10,100,1,14,38,61,71,64,2,44,19,11,20,52,31,5,58,16,13,15,17,8
334,53,50,92,36,35,89,65,27,91,32,88,93,29,21,56,76,34,87,62,95,81,68,83,97,10,80,25,69,31,66,40,1,77,98,26,14,42,2,22,47,61,96,100,94,46,70,72,54,51,12,48,55,11,49,52,38,67,39,43,59,85,5,45,19,3,74,73,78,6,41,23,90,86,28,64,20,4,82,79,75,84,37,9,7,17,60,18,63,99,57,33,71,30,58,44,24,16,15,8,13
335,89,68,36,93,66,32,62,48,27,49,72,76,29,97,50,87,69,28,90,47,53,20,54,88,63,84,71,78,91,96,35,82,94,8,1,18,92,19,77,56,86,7,81,45,95,83,6,99,75,12,11,21,42,39,2,80,10,61,5,30,23,41,59,85,3,64,46,31,15,51,65,37,13,73,38,33,40,17,60,74,70,14,55,100,98,9,26,25,43,57,79,4,22,44,16,34,67,24,58,52
337,65,98,17,83,53,14,26,21,42,39,72,7,100,66,78,69,11,31,49,50,29,6,51,85,2,75,73,36,27,87,80,54,46,61,76,35,93,12,5,79,48,34,81,52,32,41,4,56,25,95,22,40,99,77,96,82,89,74,38,28,70,8,92,45,68,13,90,84,88,62,59,30,3,19,63,91,55,33,43,37,23,10,67,97,47,1,94,60,64,86,71,9,20,18,44,16,24,58,57,15
344,47,23,28,89,68,59,90,76,70,92,93,95,96,62,41,53,54,94,56,49,99,84,73,86,63,97,11,43,44,14,88,38,71,91,72,82,42,35,80,34,78,6,79,87,83,67,55,26,48,77,40,32,50,69,61,66,10,22,46,25,39,1,45,81,74,60,64,65,85,29,12,51,52,36,75,3,30,20,27,37,98,4,9,21,19,2,33,100,24,31,57,8,18,58,5,15,17,7,16,13
358,18,36,27,29,17,2,50,53,21,15,65,8,54,66,60,69,5,32,35,57,7,72,13,48,20,19,81,34,26,11,10,25,22,83,98,42,40,14,31,56,89,49,68,1,46,3,61,45,6,44,12,62,39,38,87,28,47,100,95,9,16,41,93,23,78,88,51,94,86,91,97,52,63,70,55,82,76,64,59,90,24,37,4,33,80,84,99,75,85,71,67,43,92,73,74,96,58,30,79,77
359,69,46,42,29,56,50,27,36,53,66,39,21,2,35,22,26,14,12,6,61,87,68,62,31,11,34,47,91,92,55,72,65,32,89,93,76,48,88,49,25,38,54,95,23,45,40,10,96,59,70,100,78,97,67,94,80,52,1,28,13,43,41,81,83,51,20,63,73,85,98,77,4,9,3,37,75,82,79,30,84,71,99,74,90,64,33,60,19,57,18,5,44,17,58,86,24,8,15,16,7
360,35,53,29,50,62,68,89,76,69,56,32,47,36,54,88,66,27,72,49,28,87,42,65,5,61,93,91,1,97,21,48,6,92,25,39,14,11,26,45,10,83,34,12,70,95,40,22,46,20,96,31,78,38,2,81,52,63,94,73,23,84,3,17,59,71,80,55,15,8,60,64,98,18,82,90,85,75,99,100,79,51,41,19,37,30,9,33,77,4,13,57,67,43,24,7,74,86,58,44,16
365,29,50,27,35,2,62,36,65,56,53,26,38,89,32,10,1,14,68,21,95,69,18,25,66,22,40,31,12,37,46,100,94,60,45,23,61,48,49,16,57,93,88,11,44,83,81,72,9,8,3,97,42,96,64,55,67,98,47,34,4,87,17,91,15,54,90,43,84,63,92,52,7,76,70,85,39,6,86,19,59,51,99,28,41,20,58,82,78,71,30,80,5,33,24,13,73,77,75,79,74
366,36,21,27,48,69,66,29,38,1,60,2,15,50,86,18,10,45,96,22,34,3,81,65,9,25,35,40,32,12,57,91,94,93,87,44,62,97,72,13,42,54,39,95,89,23,46,88,26,41,56,19,98,82,84,11,14,63,8,99,6,83,7,64,31,100,49,68,53,76,33,47,55,24,30,17,52,28,78,5,51,90,59,16,20,37,61,70,92,85,43,67,77,4,74,80,79,71,73,58,75
372,89,35,62,29,50,68,93,83,7,32,47,76,90,36,95,27,72,81,53,20,56,88,92,54,18,77,48,91,78,80,38,96,65,98,84,99,40,1,42,66,87,97,21,26,100,14,61,73,63,39,85,69,60,75,86,17,11,19,71,28,79,51,52,49,23,5,45,6,10,64,70,31,59,25,12,82,74,94,41,4,15,34,13,3,46,55,22,8,2,30,9,57,33,37,43,67,24,44,58,16
374,86,95,65,76,89,53,91,90,98,97,38,96,83,50,92,47,14,61,99,94,88,44,9,23,3,32,41,60,84,6,68,26,63,29,73,93,21,35,49,54,28,59,62,78,24,48,70,56,42,12,30,77,45,81,72,33,39,66,11,79,2,51,27,87,31,55,40,82,69,80,85,67,100,52,34,46,74,57,43,75,22,19,8,16,37,71,36,25,1,64,5,10,4,15,17,58,20,18,7,13
376,91,94,89,97,88,50,32,81,87,35,16,76,96,36,13,72,86,93,53,95,62,69,82,29,9,68,55,19,18,78,56,92,38,8,15,83,66,80,27,2,84,77,22,90,45,60,42,57,46,54,11,49,23,44,85,10,41,34,98,28,24,3,12,48,21,5,39,6,59,73,65,47,99,61,7,67,31,75,1,70,79,25,63,43,37,30,71,14,33,64,74,40,26,52,100,58,20,51,17,4
377,80,73,35,32,76,50,53,89,83,85,31,27,81,62,78,56,100,68,72,98,6,34,42,65,77,75,79,87,12,47,61,21,26,14,39,49,93,88,92,29,51,54,91,3,70,25,69,52,36,66,82,30,22,46,33,24,38,45,40,43,90,9,10,96,28,11,97,41,99,84,23,67,1,74,95,94,48,4,59,55,63,57,86,2,60,37,5,17,64,71,20,19,44,58,18,16,8,7,15,13
378,29,27,36,65,21,50,53,66,69,5,12,54,48,34,17,31,83,35,2,45,91,25,97,42,32,22,26,89,93,49,98,68,88,81,62,14,76,46,63,61,20,11,8,72,1,28,96,39,10,52,47,56,13,6,40,87,18,3,19,95,94,71,92,82,70,55,100,84,90,51,15,64,78,85,38,99,80,30,73,23,37,33,59,41,60,43,9,79,67,86,4,77,7,57,75,74,16,58,44,24
380,72,32,38,62,56,26,96,80,68,50,40,35,14,65,69,42,34,93,21,53,87,78,83,39,70,12,36,84,77,89,61,10,81,98,27,99,88,90,91,23,94,95,11,19,52,25,22,54,100,41,55,63,47,97,6,59,31,66,76,48,45,67,86,28,29,44,43,9,1,79,73,30,2,74,92,20,18,49,46,75,82,85,37,57,60,4,7,17,51,71,3,64,33,24,5,8,58,16,13,15
382,72,89,53,31,49,34,78,65,68,76,62,36,29,27,83,61,35,21,54,73,14,28,26,50,42,69,81,32,100,52,66,98,12,93,56,91,75,97,71,87,92,25,39,80,70,6,11,47,79,77,90,22,96,88,84,85,48,19,82,95,40,99,63,38,46,17,8,45,94,51,2,86,1,7,59,23,74,41,5,10,4,30,55,18,3,43,67,64,33,20,37,9,13,16,60,24,58,44,15,57
387,29,27,1,10,21,36,91,56,22,35,50,48,2,88,69,93,66,68,62,89,97,94,8,40,53,11,25,72,38,42,34,45,55,76,32,46,64,87,96,54,47,60,39,61,26,23,28,95,12,13,14,49,71,37,63,81,52,31,3,84,82,70,90,18,92,51,6,9,67,59,57,19,100,43,65,99,16,4,33,78,41,86,44,30,15,5,85,83,7,73,58,79,80,98,77,24,20,75,74,17
391,36,54,69,66,27,29,56,53,35,62,48,89,50,49,88,68,12,28,91,21,76,22,45,72,97,47,6,93,42,1,25,10,34,46,11,92,14,26,32,87,39,61,31,65,2,63,94,38,23,78,55,70,95,3,96,81,82,59,52,13,40,64,71,19,41,51,18,73,84,30,85,83,8,5,60,80,75,99,100,77,90,33,79,44,86,15,67,43,37,98,7,4,9,74,57,24,16,20,17,58
392,89,83,80,77,32,28,49,81,36,98,27,72,35,68,87,34,93,62,76,97,50,53,71,96,8,78,65,17,69,91,82,25,42,31,61,86,21,54,75,70,94,19,52,90,12,88,29,73,92,66,22,84,74,14,79,56,11,40,26,39,95,100,47,46,5,6,45,48,1,10,99,85,7,38,63,18,15,3,41,55,37,16,20,4,51,64,23,9,59,67,43,60,33,30,13,57,24,44,2,58
394,36,27,80,1,89,35,87,34,10,91,50,81,31,93,22,83,32,97,49,53,78,56,88,77,72,25,82,76,68,96,46,100,92,75,94,62,12,40,11,52,28,29,69,47,64,61,84,98,66,95,21,55,90,23,14,45,70,85,3,59,73,43,71,48,26,38,37,79,67,13,4,41,2,33,51,74,6,39,30,60,42,65,5,54,19,57,8,99,15,9,20,63,18,24,86,17,7,58,44,16
395,85,39,21,100,6,76,73,26,78,27,48,12,72,14,69,66,88,79,40,83,91,61,98,11,46,51,52,97,42,95,99,31,30,36,84,65,29,82,38,45,34,77,70,71,2,25,80,92,47,63,94,62,35,59,87,68,56,54,93,22,50,96,90,49,41,9,23,89,20,75,74,3,4,81,1,33,28,43,37,55,53,67,10,32,60,24,86,5,19,57,17,64,18,8,7,44,58,15,13,16
403,73,78,83,72,6,76,90,39,85,87,80,84,79,70,96,42,77,89,95,35,93,29,75,21,63,99,69,100,98,23,38,28,12,82,50,27,88,48,81,30,66,45,11,34,40,47,61,94,92,43,68,49,26,59,91,52,36,56,9,86,71,62,51,25,67,97,14,22,33,60,32,41,55,54,46,74,65,4,3,31,10,20,2,37,1,24,53,44,64,5,57,19,7,8,17,18,15,58,16,13
404,89,94,28,68,90,62,47,97,63,78,82,19,93,71,92,49,91,70,88,32,96,48,6,66,84,67,99,43,77,72,23,86,59,55,95,54,75,61,87,83,53,35,76,10,30,11,50,80,27,56,69,9,34,12,40,38,79,41,45,31,73,36,14,24,42,3,22,81,20,46,39,37,65,26,33,64,52,60,74,1,25,4,29,44,85,100,5,21,18,8,98,57,58,7,2,51,16,15,17,13
406,94,89,19,62,88,10,97,68,32,92,82,47,18,28,50,95,35,91,96,16,93,38,87,77,23,86,55,36,78,1,43,67,70,56,90,49,72,66,11,84,81,59,37,48,40,53,64,61,71,76,63,80,27,20,14,8,29,83,9,31,69,99,75,44,26,22,65,34,57,79,5,85,74,25,46,45,41,6,30,73,12,2,54,24,58,52,60,7,4,100,3,39,98,33,42,17,13,21,15,51
413,32,89,35,68,50,29,53,81,5,62,91,47,83,87,78,56,65,72,76,6,88,97,8,80,77,92,75,38,36,27,19,95,42,7,98,100,54,93,39,69,86,94,85,61,11,96,3,26,13,14,12,99,66,73,31,40,21,45,82,60,90,46,71,74,51,15,84,23,79,49,1,9,17,20,16,55,48,18,24,41,63,30,10,33,59,37,57,44,43,28,4,70,67,64,22,34,52,25,2,58
422,21,27,65,29,12,66,69,26,50,49,42,39,76,6,61,31,36,14,2,83,35,34,11,56,73,25,28,80,72,48,54,98,53,70,45,52,32,1,22,51,10,40,100,78,3,62,47,41,68,30,63,85,81,88,87,46,89,23,38,79,77,93,33,17,64,9,59,43,5,4,55,99,91,96,75,24,67,84,74,57,97,92,90,20,60,82,37,19,95,18,94,44,71,7,58,86,8,15,13,16
427,72,27,73,21,49,78,36,31,81,76,29,61,50,80,35,79,93,66,32,85,28,54,100,11,83,87,56,69,34,52,70,53,42,48,14,75,26,98,89,5,77,88,82,2,39,62,68,65,46,6,12,84,97,25,90,91,40,99,96,17,38,7,19,1,22,94,8,47,10,20,51,45,71,63,74,55,41,92,95,4,23,64,59,43,37,18,67,13,3,30,33,86,16,15,60,58,9,44,24,57
432,62,53,68,14,56,47,65,26,89,35,76,88,50,72,92,93,96,38,91,66,87,32,48,95,69,27,21,29,23,70,36,97,42,11,78,55,61,94,59,28,46,10,18,81,6,49,67,9,40,39,43,83,22,41,1,12,99,54,90,84,71,34,25,45,37,73,98,63,57,2,4,60,79,82,86,75,85,31,80,77,30,100,17,64,52,44,20,24,3,74,51,8,33,19,58,5,15,13,7,16
434,89,68,94,47,62,88,91,76,93,97,32,19,23,66,92,50,96,16,87,53,86,35,10,48,9,55,43,29,95,54,56,69,67,63,28,40,38,59,36,90,61,11,45,20,71,82,49,46,60,81,18,27,3,44,42,72,70,14,57,41,77,83,37,7,1,6,24,64,65,85,84,73,31,8,26,33,15,22,30,78,12,25,80,34,58,21,2,79,99,39,13,74,75,4,100,5,98,17,52,51
437,46,66,54,65,21,40,1,3,27,22,12,31,29,6,26,2,34,25,24,100,69,14,36,10,51,11,61,38,50,45,9,56,42,62,41,52,30,48,49,47,23,39,64,35,81,33,68,32,55,78,72,83,59,4,70,85,63,43,28,53,60,57,13,98,44,67,76,90,93,87,37,88,73,75,82,7,89,86,84,97,99,91,74,80,77,17,92,5,96,79,19,94,18,71,95,20,15,58,8,16
446,22,34,86,60,95,21,25,46,89,91,44,40,50,32,36,65,55,38,23,2,42,52,62,10,54,81,53,51,96,97,68,92,31,76,77,88,67,3,70,61,59,43,93,26,87,72,14,39,11,94,78,35,1,69,83,90,56,66,100,98,41,48,15,29,80,64,4,9,27,18,45,8,84,57,12,49,28,71,33,99,74,47,37,85,75,6,13,73,79,19,20,82,30,63,24,5,7,58,17,16
448,81,29,1,27,83,78,93,72,10,54,36,89,28,51,98,35,45,76,12,11,97,86,87,49,50,6,41,90,40,75,84,2,66,34,64,91,25,38,95,68,88,22,77,71,70,3,80,47,42,96,94,61,99,21,39,32,48,23,62,59,69,31,56,92,52,65,82,46,30,26,63,43,55,74,37,67,100,5,14,73,8,53,4,85,33,9,24,79,44,17,20,19,60,18,58,7,57,15,13,16
449,62,66,49,34,78,21,68,31,90,36,27,65,47,32,93,77,72,28,73,26,76,89,61,69,12,81,96,14,42,6,82,48,83,70,53,92,80,54,84,39,88,50,38,56,98,40,79,35,100,85,86,87,97,46,99,25,91,19,63,51,94,52,75,41,22,29,11,45,10,95,74,59,23,30,1,71,3,43,55,2,9,67,20,33,4,24,5,64,37,17,18,60,7,44,57,13,8,58,15,16
450,38,36,8,49,69,50,29,86,35,95,27,54,2,46,11,62,1,89,66,81,18,17,61,22,93,91,32,10,94,13,42,15,31,14,21,34,45,28,97,55,76,87,96,98,83,23,56,26,53,72,70,48,37,12,41,68,88,60,100,92,3,25,9,67,16,7,65,64,57,47,43,40,6,44,82,39,59,73,71,4,77,52,85,63,99,20,84,80,74,90,19,5,24,51,58,78,79,30,33,75
452,49,28,72,76,93,81,68,73,53,54,96,89,42,47,78,14,82,97,71,87,69,62,61,79,34,91,84,65,90,31,70,83,88,99,94,92,26,100,39,36,32,86,77,46,85,11,19,66,21,12,8,7,52,98,48,27,95,75,25,40,56,17,29,50,6,22,38,35,63,41,74,45,80,23,59,30,9,24,55,51,4,18,43,10,67,1,3,33,37,2,57,20,5,60,64,44,13,15,16,58
454,50,29,27,76,35,49,89,53,93,72,32,61,21,48,68,95,65,54,31,28,83,91,38,90,46,96,56,47,69,62,84,42,34,88,22,36,66,11,99,26,14,78,97,6,73,12,39,45,92,81,23,70,87,63,60,25,80,3,1,77,55,98,40,52,10,5,94,82,85,100,86,9,2,59,30,79,64,51,43,41,20,8,67,44,33,19,74,75,17,24,57,4,71,37,15,13,18,58,7,16
456,89,53,68,62,31,49,21,61,46,32,47,19,42,54,50,72,69,93,14,95,48,65,28,90,92,66,27,29,35,40,97,36,56,96,86,77,83,26,94,39,100,8,84,71,7,82,13,11,63,99,6,38,34,78,23,12,20,22,87,80,25,37,51,60,91,16,70,98,17,52,10,1,88,76,55,81,85,45,59,18,67,73,74,64,43,75,41,9,44,3,30,4,5,2,79,57,33,15,58,24
457,29,89,27,72,53,50,76,35,68,78,62,28,36,48,93,56,32,49,19,1,2,84,66,11,73,71,88,90,61,7,8,87,97,69,40,96,31,91,82,14,21,54,26,64,47,75,100,99,83,92,10,79,80,85,65,81,77,63,12,6,70,52,39,45,94,5,42,95,98,30,34,25,38,17,59,23,4,46,55,3,41,74,22,43,33,86,18,20,13,51,60,67,15,37,9,24,57,58,44,16
459,89,53,8,50,91,36,62,97,94,96,35,93,29,54,81,19,32,95,16,69,7,72,88,17,21,68,66,10,27,87,86,76,42,1,48,90,38,18,65,84,56,40,92,12,63,49,45,78,47,28,14,15,83,39,99,61,82,44,2,26,64,34,9,31,6,25,11,23,13,46,60,20,22,98,3,55,71,100,75,57,77,70,30,41,67,5,24,59,33,37,43,51,58,52,80,74,79,85,4,73
462,62,72,68,78,39,42,21,89,92,47,71,38,12,69,27,87,66,35,6,93,91,95,56,22,34,99,97,31,61,75,81,32,96,26,14,23,25,28,76,84,11,36,48,46,59,49,45,88,90,70,50,86,30,94,29,53,63,52,100,82,73,54,55,77,33,51,40,3,83,67,10,41,65,9,43,85,1,80,37,20,79,19,24,98,4,74,60,57,64,8,2,5,44,13,18,58,16,7,17,15
466,83,72,81,76,91,53,89,21,65,29,98,27,78,80,93,50,35,88,77,68,87,42,97,34,92,14,36,26,96,32,100,54,66,62,73,39,31,17,47,75,12,95,56,6,11,69,71,99,61,79,48,45,49,90,52,94,51,85,25,84,3,74,82,40,5,22,70,1,28,10,46,8,86,63,59,2,41,33,23,30,38,20,9,60,55,4,19,67,43,24,64,57,37,44,15,18,7,58,16,13
473,80,73,100,79,85,83,21,27,77,98,76,39,66,52,31,36,12,78,6,91,88,34,82,61,89,20,35,47,5,48,69,70,72,32,68,50,40,11,42,19,56,26,53,29,63,92,14,65,62,75,41,45,59,97,49,74,30,95,25,43,22,4,87,23,28,3,94,99,55,33,51,71,54,67,10,81,84,93,38,90,7,1,46,96,2,64,86,37,17,24,9,60,18,57,58,44,13,15,8,16
474,27,78,36,80,87,72,89,73,85,83,81,93,35,77,75,98,82,79,100,76,50,66,68,32,69,62,29,53,96,20,91,95,84,52,71,19,97,88,56,92,47,48,99,31,6,12,21,39,28,90,5,34,51,11,49,45,61,25,26,41,65,3,74,59,94,54,2,7,14,86,42,38,70,22,40,23,30,4,17,63,33,1,60,15,55,43,18,64,8,46,37,10,9,67,13,24,57,16,44,58
481,27,81,50,35,1,89,32,10,91,76,88,36,38,62,29,93,54,86,95,64,97,21,94,44,22,68,49,25,56,72,90,18,23,31,2,100,9,96,83,5,53,48,8,11,80,12,92,16,82,45,87,43,55,4,66,42,67,85,65,40,28,34,57,37,84,77,6,98,61,69,7,59,51,3,60,78,41,26,47,63,52,24,19,99,46,58,30,70,39,14,73,71,20,74,33,75,79,13,17,15
483,78,7,85,73,100,75,83,80,72,21,77,39,90,95,36,76,53,82,35,89,40,62,87,51,79,56,50,19,65,68,42,84,31,26,27,49,66,14,98,11,38,61,69,94,46,92,32,6,88,74,28,25,17,93,22,43,47,10,29,70,81,71,59,4,91,34,30,33,48,5,97,23,60,99,55,12,67,52,41,54,20,96,86,3,2,63,64,8,37,1,44,24,16,9,45,57,18,13,58,15
484,10,21,22,1,25,23,34,44,40,42,2,67,55,11,31,43,51,61,9,38,70,64,27,56,37,50,39,52,66,46,24,62,94,53,3,57,100,36,59,35,88,12,26,48,30,14,69,33,41,81,65,54,91,95,29,49,76,60,4,97,85,28,6,72,89,32,68,45,93,16,92,47,73,87,5,86,78,90,58,96,82,63,8,18,99,84,19,79,83,80,75,20,74,98,17,71,77,13,7,15
490,80,72,81,78,83,27,32,76,77,91,34,73,87,42,35,50,93,100,98,21,68,89,39,75,36,88,54,62,12,79,69,31,10,82,53,66,6,92,94,85,47,99,70,52,22,97,25,56,40,38,28,96,49,41,90,43,61,65,74,26,84,20,51,30,3,67,11,19,29,24,23,1,55,59,86,95,14,48,45,33,9,7,4,64,63,5,46,57,17,2,71,37,60,44,16,58,18,8,13,15
494,7,89,94,19,97,32,50,91,53,18,86,88,68,62,35,90,16,72,93,83,29,82,95,96,44,65,92,81,8,66,20,49,27,36,28,77,78,57,47,99,48,9,55,84,76,87,80,54,21,10,13,37,67,17,22,69,56,5,24,60,23,98,43,1,40,63,25,46,42,38,61,75,70,100,31,4,64,34,85,58,26,74,71,12,6,30,14,39,59,11,3,2,15,41,45,33,52,73,79,51
500,83,76,98,91,65,17,14,88,80,26,100,81,11,73,34,53,35,79,96,42,87,78,72,21,97,50,40,85,39,12,93,94,92,70,23,61,38,99,36,95,77,75,69,31,10,46,22,29,25,49,59,52,89,43,41,67,74,55,32,82,90,1,4,5,56,66,68,27,84,51,6,47,62,7,3,54,28,45,9,44,30,63,24,33,64,48,19,37,86,8,57,20,60,71,2,58,18,16,13,15
504,53,21,29,65,27,54,50,7,100,66,42,72,61,14,69,48,31,26,40,91,2,35,36,76,56,1,11,89,97,17,68,46,49,32,88,62,93,83,81,6,39,5,12,98,34,47,8,10,19,4,18,52,45,92,60,3,70,25,95,64,9,87,57,55,22,94,28,67,78,23,63,43,96,38,85,24,99,73,41,33,59,90,51,30,15,37,79,84,20,44,71,13,80,82,58,86,75,77,74,16
505,61,73,100,66,76,48,49,31,21,5,62,28,7,27,69,85,32,40,89,68,72,8,11,65,93,29,19,42,36,54,50,6,70,87,35,83,86,39,71,88,38,9,79,23,52,63,97,1,45,44,96,26,12,78,30,56,4,47,91,53,37,2,82,81,77,95,90,64,14,10,43,84,33,59,46,34,24,25,41,3,55,57,80,67,94,22,92,98,60,18,99,51,20,17,74,75,13,16,58,15
507,16,10,55,94,22,60,57,53,67,9,18,46,44,50,91,43,1,89,13,35,58,64,56,15,37,36,3,62,32,69,38,24,88,86,23,96,29,65,34,87,66,8,42,25,40,95,21,45,81,2,4,92,70,68,49,93,27,47,61,54,97,12,14,48,76,41,26,33,39,6,11,100,31,82,72,59,30,19,63,28,99,90,51,52,17,78,84,85,83,7,5,79,98,74,75,80,73,77,71,20
514,36,62,66,46,27,50,32,53,68,61,89,29,31,35,56,69,38,19,3,21,48,8,54,97,91,14,88,13,49,12,11,94,65,47,55,18,10,45,40,26,23,81,9,2,60,22,95,93,15,42,28,57,92,96,86,87,1,6,67,24,100,44,7,82,76,25,39,63,5,16,72,59,34,43,70,37,71,51,33,64,41,30,99,78,90,83,4,52,58,85,84,98,73,75,17,79,77,20,80,74
526,36,49,29,54,69,38,66,61,62,31,46,35,10,32,27,86,1,50,48,68,45,55,28,93,89,6,12,18,72,56,70,15,42,87,60,65,63,34,43,8,22,11,3,5,23,67,47,83,95,44,39,96,76,88,78,37,41,91,2,84,94,21,64,40,81,90,26,13,97,99,59,77,71,51,73,9,30,100,14,25,98,82,92,57,75,74,53,19,52,4,33,85,80,79,24,20,16,17,58,7
529,89,90,94,93,62,95,84,86,96,19,27,82,78,88,8,28,71,68,10,72,35,87,97,77,36,49,32,92,1,50,91,99,48,75,81,29,16,15,76,64,66,83,80,69,63,38,55,60,56,23,44,20,54,70,85,6,43,53,47,73,45,61,31,67,42,12,37,11,7,79,3,39,9,40,22,18,59,30,74,25,21,34,46,26,33,13,98,57,52,100,24,14,58,2,4,65,41,17,5,51
531,27,36,66,48,80,5,54,72,69,35,32,89,50,18,93,21,83,78,77,49,6,31,19,87,98,81,73,88,61,76,85,62,20,95,82,12,90,28,79,96,92,75,100,63,53,68,91,84,65,29,56,99,45,38,11,34,42,10,46,97,13,70,86,94,39,26,40,22,3,74,1,25,8,55,71,2,51,59,9,23,57,47,14,17,52,30,15,43,24,60,16,41,37,4,67,64,44,33,7,58
540,29,35,50,42,53,56,72,76,54,81,27,89,93,69,95,38,91,21,1,87,65,2,39,36,45,6,66,78,88,83,98,62,92,11,32,12,49,26,46,14,97,3,47,96,68,31,34,61,41,22,10,100,51,48,73,25,80,5,23,85,70,28,75,99,55,84,59,40,52,90,86,77,94,64,15,63,60,82,79,43,4,37,74,17,67,13,7,33,30,44,8,9,20,71,24,19,58,57,18,16
543,81,86,29,65,50,54,38,62,88,91,94,95,96,89,93,42,35,76,36,72,10,32,97,34,87,83,49,69,100,98,21,25,26,2,7,44,68,22,18,66,1,31,9,92,27,82,14,23,17,40,90,8,70,60,53,61,28,3,15,45,78,12,11,85,39,19,84,99,46,47,56,37,41,48,57,24,52,73,55,6,67,59,20,16,4,79,77,5,43,71,63,51,75,74,64,30,33,80,58,13
546,53,65,50,76,42,91,35,21,29,88,68,5,32,54,92,83,47,89,62,100,39,46,98,17,85,95,14,69,73,66,26,31,61,48,22,79,10,94,49,38,56,40,72,97,20,11,55,36,93,81,25,34,1,82,7,45,23,4,6,12,70,52,63,27,51,67,87,96,13,43,59,41,19,3,64,86,28,99,8,16,90,80,37,33,30,60,78,84,9,18,77,2,74,24,58,15,44,75,57,71
548,16,18,94,10,8,44,55,50,60,67,57,36,1,5,22,29,13,53,38,32,64,23,95,2,35,46,58,43,37,96,56,9,91,11,89,15,40,27,69,66,48,62,19,87,86,68,25,21,93,97,34,88,70,65,61,59,63,45,20,90,42,3,31,26,92,49,7,39,99,41,47,12,14,100,17,82,84,72,81,4,76,6,28,33,85,52,24,83,30,54,78,51,71,74,80,73,79,98,77,75
549,89,83,72,80,78,77,68,91,81,71,93,35,94,82,97,29,27,92,88,76,90,87,50,32,62,99,53,85,98,47,75,84,96,21,54,100,95,19,7,6,56,73,86,66,3,42,49,79,28,74,48,34,36,40,65,39,22,11,25,70,45,69,59,51,55,43,4,52,26,63,12,60,23,1,33,8,30,5,10,41,46,67,31,9,14,61,37,38,24,64,2,57,20,44,15,17,13,16,58,18
550,49,50,61,32,21,76,31,72,53,54,29,78,27,35,65,66,2,48,28,89,73,81,62,42,93,46,68,56,6,26,36,69,83,11,12,91,39,88,14,100,80,30,79,34,75,98,87,90,3,45,70,84,24,33,82,96,97,85,51,52,40,5,22,38,9,77,47,19,94,63,99,55,25,10,8,60,92,41,17,23,67,86,95,43,4,16,59,57,37,64,1,7,20,74,71,13,44,18,58,15
554,13,8,29,15,46,66,69,50,36,89,86,38,62,32,1,16,35,10,49,3,54,7,31,55,88,60,68,91,2,65,53,21,48,61,56,42,11,27,94,22,93,44,96,14,45,64,87,26,9,81,97,95,17,76,23,12,47,18,39,83,24,19,57,37,41,71,72,25,67,40,51,98,5,92,6,34,28,100,43,84,58,33,78,99,70,30,59,77,90,85,4,63,82,74,75,80,52,73,20,79
557,69,76,23,36,49,12,87,45,46,42,62,38,14,41,22,27,9,47,6,89,11,85,86,39,96,25,34,65,21,66,54,1,26,59,81,72,70,68,37,73,94,93,88,3,32,44,56,10,43,48,28,60,91,55,83,35,61,78,30,50,40,97,67,24,57,82,100,2,29,64,4,31,52,80,33,77,92,53,98,95,84,79,63,71,15,75,51,74,18,90,16,99,58,8,13,17,5,20,19,7
561,53,50,66,89,35,63,10,94,91,48,92,1,29,6,95,68,56,47,32,93,83,80,76,55,88,62,90,16,54,96,67,70,77,20,36,78,45,65,69,49,87,97,64,43,98,18,28,23,59,12,84,27,61,72,38,75,99,41,26,2,37,14,74,30,11,86,22,73,42,34,82,39,44,17,81,9,46,5,40,3,58,79,100,51,21,33,4,71,31,60,25,24,19,85,13,8,52,57,7,15
573,8,54,48,7,89,32,36,66,27,72,93,50,28,19,68,53,1,78,49,76,62,69,90,21,29,84,81,13,11,97,40,42,77,61,88,86,39,63,6,96,5,45,35,10,91,87,99,82,71,64,12,15,56,46,83,3,94,2,95,31,75,80,47,60,30,17,73,20,65,38,92,85,100,18,14,33,74,70,26,23,55,9,51,79,98,24,41,44,25,22,34,59,37,52,4,43,57,67,16,58
579,89,94,86,97,62,68,18,8,91,49,28,71,48,63,96,32,90,47,27,93,36,44,88,23,82,66,95,16,76,19,1,69,50,9,84,29,92,53,57,35,38,37,99,45,60,10,64,12,55,43,20,87,67,54,59,56,46,61,11,70,22,6,72,30,25,34,31,65,77,41,40,2,83,15,3,42,81,78,14,24,21,26,58,39,85,13,5,4,73,33,52,7,74,100,17,80,79,75,98,51
584,36,66,69,93,96,15,27,48,87,19,89,91,1,88,97,10,65,62,18,76,94,53,50,40,68,29,35,95,3,28,54,45,32,83,60,92,14,81,64,84,25,17,16,61,23,21,86,90,49,47,11,56,12,82,22,38,26,63,13,59,31,46,8,72,34,98,41,71,2,42,7,44,55,99,9,57,20,70,39,78,52,77,100,5,6,85,73,33,79,67,43,80,74,30,58,51,24,37,75,4
590,80,100,73,77,21,83,49,72,31,98,32,78,79,42,50,61,39,89,76,85,65,53,35,69,27,66,14,26,62,56,70,93,68,87,6,11,34,28,7,12,52,81,48,2,36,82,54,75,29,96,46,91,99,40,88,92,51,84,74,41,47,4,19,90,30,38,97,95,94,59,43,5,71,22,9,55,67,86,25,24,10,23,20,17,45,1,3,33,63,64,37,60,57,8,18,44,58,13,16,15
595,89,97,54,94,68,91,28,93,62,72,88,49,32,82,76,29,47,1,50,71,7,66,86,48,53,19,92,77,87,36,69,95,8,35,96,63,11,78,90,56,61,10,27,6,81,45,70,42,84,83,40,37,64,55,73,85,31,23,38,21,14,100,46,80,2,59,43,34,67,65,22,99,39,60,3,25,41,26,20,12,15,79,75,74,52,13,18,30,4,98,33,16,9,5,44,51,17,24,57,58
613,16,13,10,46,38,94,36,18,55,69,8,64,19,1,40,32,54,22,15,27,21,66,35,50,91,60,44,62,42,9,61,7,81,57,67,48,5,12,88,23,49,3,58,56,97,39,37,29,31,24,68,45,43,96,11,93,72,86,84,87,82,90,95,89,25,6,76,28,47,63,99,30,51,2,78,34,53,26,33,14,20,100,4,59,41,65,70,17,85,75,52,92,83,79,71,80,98,73,77,74
615,78,72,87,76,88,38,62,95,96,10,83,81,23,80,94,89,93,85,77,100,91,90,35,32,55,40,7,84,70,22,43,73,4,67,50,36,59,63,92,68,25,86,45,37,48,65,39,21,28,82,1,97,6,61,9,14,30,56,98,75,66,26,49,60,41,99,11,64,47,44,33,42,79,52,53,34,69,27,46,12,31,18,20,3,19,57,74,54,51,24,29,58,16,71,17,2,5,15,13,8
623,73,80,77,85,78,89,76,79,49,72,90,35,32,50,27,83,82,36,100,95,93,87,75,99,88,86,84,94,44,66,96,28,16,62,70,23,6,38,92,18,48,61,19,69,91,56,74,10,5,54,98,68,31,81,43,11,53,59,60,20,55,63,67,1,47,12,65,39,41,29,7,97,8,26,34,9,30,4,42,57,2,21,37,14,64,71,3,22,40,52,24,25,45,51,46,15,58,33,17,13
624,10,60,27,1,11,37,38,22,62,43,48,67,49,55,23,66,94,25,54,31,72,6,88,3,45,70,44,28,5,21,46,51,26,36,78,35,30,33,68,56,50,65,34,14,59,93,32,63,9,64,61,90,41,2,8,95,57,89,97,4,86,82,42,69,84,40,29,39,100,83,18,53,12,85,47,91,15,71,75,24,52,87,17,80,92,19,20,76,99,58,77,98,96,81,74,73,16,7,79,13
632,86,44,49,23,60,48,82,94,43,28,8,55,38,66,54,67,64,1,89,10,27,22,9,46,76,37,91,93,4,21,24,3,15,95,70,88,73,85,97,81,90,41,29,36,72,61,18,100,96,11,32,40,59,57,62,78,50,69,6,68,47,42,34,25,65,83,99,31,84,58,35,79,16,14,2,71,77,45,19,87,56,52,30,26,13,51,92,39,74,12,33,63,75,53,98,80,17,7,5,20
633,29,5,50,53,35,65,27,21,36,31,54,83,98,34,32,76,69,61,42,89,56,66,25,12,80,49,52,72,26,22,2,81,39,88,1,68,11,73,14,91,62,100,47,10,40,85,70,51,28,46,6,48,92,97,78,93,17,45,3,95,79,87,55,38,13,64,19,77,75,99,41,20,63,84,82,90,59,23,94,96,8,4,30,43,18,33,67,7,74,37,15,60,71,24,9,16,58,57,86,44
635,80,85,51,73,77,100,76,98,39,21,79,6,95,31,82,83,78,75,42,50,56,27,11,81,38,53,35,14,30,89,23,26,3,74,88,86,12,10,44,32,33,66,92,52,48,36,45,41,1,90,54,60,4,93,9,65,24,37,49,61,72,25,99,91,22,87,2,29,59,62,43,64,40,63,34,84,69,20,68,96,16,47,67,94,57,46,70,55,5,28,97,18,17,8,7,58,71,19,13,15
645,89,5,27,36,32,68,35,78,83,69,49,28,66,80,72,61,50,62,93,46,77,6,54,12,90,84,87,48,71,47,63,76,73,70,92,29,75,96,45,11,88,99,19,39,82,40,56,42,79,53,81,95,98,38,55,31,65,34,3,8,22,30,59,85,21,94,91,86,23,97,26,74,10,14,43,25,13,41,18,1,60,15,51,33,20,9,100,52,67,2,24,64,37,4,57,17,44,58,7,16
656,2,29,27,31,36,50,46,69,11,49,21,66,53,12,5,61,32,8,39,72,65,42,48,56,35,1,45,13,26,6,14,7,54,89,100,68,87,17,78,83,93,10,98,62,51,85,63,84,20,28,22,41,47,40,52,64,81,25,71,34,18,3,30,80,88,38,76,75,77,15,60,33,37,97,55,96,90,73,23,59,82,95,99,57,4,70,9,19,74,91,92,79,43,86,94,67,24,44,16,58
657,50,35,89,29,69,1,36,27,62,10,95,48,28,32,66,21,42,56,39,68,20,72,76,38,49,40,11,93,63,97,88,25,54,12,23,83,92,2,22,64,82,53,94,6,31,34,47,91,87,61,80,45,96,70,77,26,84,90,5,59,65,14,19,100,7,99,18,43,46,73,78,85,55,86,37,71,52,98,67,60,8,41,30,4,81,3,44,79,9,33,74,51,57,17,75,13,15,16,58,24
659,35,54,47,61,50,29,56,68,76,46,32,49,73,31,27,6,38,62,72,83,70,28,69,36,80,53,65,42,81,12,91,26,78,88,79,34,89,5,92,52,45,14,97,39,85,22,100,55,77,95,20,87,40,66,23,21,98,11,93,25,3,59,1,75,94,82,10,84,41,63,67,74,30,43,48,90,64,51,9,60,24,96,99,33,19,4,2,15,18,13,37,17,71,57,86,44,58,7,8,16
665,21,27,12,34,26,29,14,65,31,49,28,66,69,48,36,83,97,45,68,71,25,62,11,61,56,35,22,52,47,72,89,39,70,63,98,91,84,54,6,88,46,3,50,76,82,51,53,78,94,93,99,42,80,30,96,38,32,59,23,1,77,2,19,10,92,73,81,95,40,90,87,55,33,100,41,79,85,5,43,74,67,64,17,9,37,8,20,75,24,86,4,60,13,57,7,15,44,58,18,16
666,91,21,95,88,86,22,94,97,36,29,96,72,76,50,89,34,93,81,2,42,1,10,25,18,98,38,48,66,69,53,65,46,87,27,35,92,39,62,60,41,90,82,84,83,54,99,32,78,55,13,56,11,23,5,26,51,49,47,52,14,40,85,9,68,45,44,77,31,12,59,100,63,57,70,61,80,6,20,28,79,73,3,74,64,15,37,19,8,16,67,30,75,71,17,43,4,33,24,7,58
674,50,2,38,21,22,60,46,29,44,23,61,35,32,3,26,31,9,56,25,40,65,54,57,11,95,66,14,53,45,62,100,55,48,36,97,18,19,94,91,37,10,42,67,69,52,4,16,13,68,33,86,63,8,88,12,6,24,59,27,89,81,15,64,39,28,49,1,96,7,34,5,43,72,47,87,82,58,92,30,41,70,93,76,85,51,98,20,99,90,83,78,73,84,80,17,79,71,74,77,75
679,54,32,89,68,62,49,50,53,8,69,42,47,36,35,29,93,31,28,66,27,48,88,19,5,63,97,13,46,12,86,45,91,56,61,96,92,81,94,18,21,38,82,20,10,90,71,11,1,15,95,72,6,39,55,22,76,65,23,84,99,3,83,14,87,60,34,64,77,25,17,26,2,9,59,41,16,37,7,70,40,44,67,43,30,80,78,51,100,24,85,52,98,57,74,58,4,73,33,79,75
683,40,10,38,35,62,42,39,25,21,23,22,34,76,88,72,78,94,70,56,80,50,95,61,43,69,36,59,19,87,73,85,55,68,90,30,28,93,32,9,67,1,51,100,12,54,84,82,31,83,60,89,26,96,91,27,11,52,92,57,6,79,24,37,44,64,75,33,77,46,81,97,48,49,47,66,4,41,20,29,99,5,7,65,16,14,3,63,86,98,45,74,18,2,71,53,58,13,17,8,15
685,7,19,40,66,27,1,54,36,64,93,69,29,13,48,46,10,61,49,31,42,21,28,89,97,8,50,100,35,87,83,81,88,17,72,94,82,63,45,32,3,25,65,22,55,2,76,62,91,4,37,90,68,6,53,44,12,11,39,86,52,85,56,43,33,96,5,23,41,67,70,16,98,38,34,84,18,51,9,47,24,30,15,71,95,58,26,73,20,14,80,59,78,57,60,77,99,79,75,92,74
692,89,53,32,62,50,68,35,61,76,54,49,65,72,47,46,42,83,56,31,73,93,10,29,78,40,81,1,69,27,14,87,92,88,95,70,21,100,36,85,39,6,28,23,66,91,55,94,80,48,26,34,79,64,38,96,22,43,86,12,77,75,67,45,98,11,97,25,84,44,82,3,52,90,19,60,8,37,99,9,30,16,59,17,4,41,51,24,5,33,20,63,13,71,15,74,58,57,7,18,2
694,83,73,35,80,78,65,76,98,79,77,27,50,29,49,6,32,89,69,72,66,75,87,36,61,26,68,53,54,85,56,38,14,62,82,93,92,31,47,88,95,91,28,5,12,94,46,3,48,84,70,19,99,39,11,74,15,90,45,81,42,96,100,86,34,97,63,23,40,30,60,55,41,21,59,17,71,33,43,52,8,10,22,24,44,16,67,9,51,13,25,2,1,20,37,18,4,64,57,58,7
698,86,29,89,91,94,1,88,97,18,96,62,49,9,60,8,68,32,69,38,10,50,57,93,46,2,48,55,28,35,82,76,66,36,63,90,15,71,11,42,54,45,99,64,47,27,41,23,67,43,84,22,56,87,61,12,3,95,37,31,92,21,44,65,24,70,83,19,81,72,39,59,6,40,53,34,77,14,30,26,4,25,13,100,33,98,85,74,58,78,17,52,73,16,79,7,51,80,5,20,75
701,81,65,27,21,83,98,29,34,36,22,45,25,12,89,26,91,31,50,39,88,14,5,72,82,66,52,35,76,100,48,97,62,3,53,69,11,47,40,42,32,68,78,85,6,9,87,28,49,94,61,96,93,10,73,92,30,84,19,51,80,46,86,2,70,54,55,4,79,24,99,41,43,95,63,38,33,71,90,1,56,77,67,23,37,59,57,60,64,17,75,7,18,74,20,15,8,58,13,16,44
704,54,49,68,31,29,53,47,36,62,32,35,27,50,61,56,28,89,6,22,34,65,12,46,69,72,3,42,5,21,45,78,39,25,81,66,63,76,26,92,83,11,38,14,90,70,91,88,52,97,82,73,100,84,75,87,48,33,15,95,60,30,23,19,51,93,94,55,85,80,10,98,59,77,41,40,1,71,99,79,86,24,96,13,43,20,67,9,2,74,64,8,4,18,37,44,57,16,17,7,58
708,27,21,36,29,31,5,66,32,61,40,35,100,68,50,47,56,65,48,62,69,11,26,7,34,46,20,49,14,25,83,93,72,10,2,54,22,38,87,1,98,42,53,19,89,41,81,23,80,51,59,3,52,39,45,12,70,6,4,28,76,71,64,67,57,88,60,55,18,33,91,43,78,97,96,9,95,77,17,37,13,30,58,92,94,15,85,73,24,63,75,84,16,74,90,99,8,82,86,79,44
709,72,89,78,90,68,71,93,63,28,48,6,47,62,27,49,77,80,54,84,66,70,96,97,94,82,76,91,83,87,20,99,88,75,32,23,12,21,43,73,36,59,45,92,81,46,34,61,11,69,67,79,30,42,55,86,39,41,31,53,56,35,40,14,85,50,95,19,22,10,26,74,52,1,100,25,33,9,29,98,51,3,4,65,64,37,38,60,18,24,2,44,8,5,57,17,58,7,15,13,16
710,54,32,49,18,89,69,42,50,36,68,61,66,35,53,28,72,31,62,76,5,7,46,19,88,55,13,91,93,20,80,47,39,6,48,21,12,27,94,73,77,10,56,70,8,16,63,22,78,81,87,97,29,92,83,34,95,67,100,90,43,82,85,38,86,11,79,1,23,96,64,40,25,99,75,44,45,84,59,4,65,9,57,37,71,30,52,74,41,58,24,2,60,98,17,14,26,51,3,33,15
711,49,54,89,80,32,28,27,72,77,69,73,68,78,6,35,36,76,61,66,48,12,62,83,50,70,93,84,47,31,56,38,86,23,63,45,99,87,95,82,42,39,43,90,81,79,71,53,85,94,75,100,20,30,8,67,46,34,97,1,98,96,3,44,11,21,14,10,29,88,92,74,91,37,64,55,59,26,19,41,4,40,22,52,24,15,25,33,18,16,9,58,51,60,65,7,17,2,5,57,13
714,94,16,18,44,86,95,10,57,90,96,23,38,91,60,89,82,9,19,97,88,84,62,67,36,55,28,93,99,87,43,50,49,20,48,63,1,32,92,35,64,59,78,70,24,27,72,76,68,66,69,47,30,22,8,15,37,81,41,58,56,73,3,61,77,11,79,12,85,45,53,2,54,34,31,33,80,40,75,83,25,6,46,71,100,5,26,29,74,14,65,7,4,39,21,52,42,98,17,13,51
715,38,81,73,76,72,31,100,61,49,42,32,21,54,87,78,16,27,86,85,9,91,35,98,36,83,69,80,50,88,6,70,62,65,24,94,93,39,34,26,79,52,77,95,66,12,23,89,75,14,57,68,97,22,56,28,44,11,60,55,5,25,67,41,96,51,3,10,7,47,53,18,43,45,82,92,30,46,59,74,29,4,19,48,37,1,33,8,40,64,84,90,99,58,2,71,17,15,63,13,20
716,53,21,42,72,91,54,47,29,76,93,97,68,89,50,65,14,81,92,96,90,88,100,66,69,2,49,32,26,7,56,31,39,61,34,48,62,78,46,95,99,94,36,27,25,87,86,52,11,1,84,22,28,85,71,35,77,70,73,83,4,40,98,82,55,12,63,41,8,67,74,6,59,79,43,23,64,19,38,10,75,51,17,80,37,45,20,60,9,18,3,13,5,30,33,44,24,58,15,57,16
720,36,27,81,87,2,11,69,93,100,12,73,72,31,7,85,96,78,50,40,1,54,66,61,32,42,6,14,21,45,53,41,10,34,29,39,79,65,76,80,52,56,89,49,75,48,13,77,98,26,3,25,70,22,5,23,38,35,46,64,19,83,88,86,62,28,82,55,84,59,47,43,51,4,68,91,37,8,74,99,92,63,90,97,30,95,44,17,67,94,9,33,60,15,71,20,24,18,16,57,58
721,50,35,32,89,83,29,76,21,27,88,7,54,80,5,11,81,1,48,62,68,72,53,97,40,28,93,90,66,98,78,63,36,45,56,51,85,47,77,49,6,19,61,12,84,91,100,65,3,2,82,39,31,42,10,25,38,99,14,30,73,41,64,20,92,96,26,52,69,87,33,95,17,75,4,94,22,37,59,70,23,46,71,79,74,8,60,34,86,55,9,24,43,13,67,18,57,15,58,44,16
726,29,76,78,50,81,36,72,73,35,89,83,2,93,98,42,79,88,53,66,54,39,11,87,49,75,91,28,69,27,21,12,96,61,90,84,32,65,97,82,19,8,100,85,6,62,45,40,48,92,68,99,26,31,14,17,56,63,95,77,80,34,70,51,5,7,94,38,71,52,1,86,47,3,10,30,41,25,74,33,18,46,59,60,23,9,22,64,55,15,24,20,4,43,13,37,67,57,16,44,58
728,2,29,11,38,50,13,14,32,26,18,35,65,66,56,54,69,36,62,8,7,5,61,49,31,53,17,10,48,46,21,1,27,42,55,12,19,68,41,22,16,6,63,98,57,72,23,40,34,9,88,45,39,93,100,47,25,64,70,28,83,60,24,89,87,37,91,94,96,3,30,81,76,59,67,43,78,52,97,51,4,85,15,86,90,44,58,99,33,80,84,73,95,74,82,92,77,79,75,20,71
731,12,31,46,22,34,6,14,26,27,69,61,36,39,11,42,25,54,65,56,49,52,21,2,70,50,38,45,66,55,51,35,59,23,78,40,100,30,32,41,53,29,28,68,80,98,62,3,63,47,72,83,43,10,75,67,73,81,87,9,4,48,24,33,1,85,76,64,13,92,89,77,79,57,18,84,93,60,90,74,88,99,95,5,91,96,37,19,71,97,82,58,44,17,94,20,86,7,8,15,16
735,69,36,27,62,35,66,50,29,1,54,12,49,32,56,88,10,89,45,53,61,76,42,68,87,46,25,22,28,48,93,65,3,34,21,31,91,96,6,81,47,15,38,70,13,26,55,39,97,14,40,92,11,64,72,5,23,94,19,2,9,52,63,8,73,60,95,85,100,83,30,78,44,86,24,84,33,80,37,67,7,43,82,59,4,79,41,77,98,57,18,51,71,75,99,90,16,58,74,17,20
736,49,54,69,42,61,31,72,6,32,21,65,68,50,39,28,26,56,66,89,53,14,29,35,80,62,12,77,47,83,73,46,78,27,76,36,48,34,98,70,38,79,93,52,11,2,63,87,75,51,71,100,88,84,45,85,92,95,97,90,91,22,74,23,30,82,99,25,86,96,41,59,55,19,81,40,94,13,5,20,1,8,17,33,10,3,9,67,43,37,44,4,60,18,24,64,7,57,15,16,58
738,89,83,19,78,77,81,7,72,87,82,97,80,93,88,96,91,76,35,62,71,98,32,86,92,75,50,95,84,85,36,68,90,29,94,99,28,73,49,66,48,27,21,39,100,20,69,65,42,79,31,74,6,53,51,30,5,12,45,54,11,8,56,63,61,18,26,9,38,47,59,25,23,33,3,40,24,70,1,34,2,14,17,41,60,52,4,10,57,43,22,37,44,55,13,64,46,15,67,16,58
742,73,27,36,80,2,85,79,78,66,100,31,77,72,50,82,81,26,87,49,11,29,21,93,14,75,76,35,61,98,83,34,20,95,28,56,48,92,88,53,19,70,51,10,52,90,1,69,74,84,65,91,89,94,59,39,40,6,97,54,7,42,23,32,38,96,47,25,62,17,68,41,12,43,22,5,71,3,45,64,55,30,33,99,4,67,37,63,46,18,86,24,9,60,8,15,16,44,57,13,58
745,53,89,78,91,76,83,50,32,81,72,98,80,35,75,88,73,92,93,97,87,96,99,68,65,27,77,79,84,85,14,82,90,94,62,29,47,56,95,11,36,6,12,39,100,5,61,26,49,43,48,70,28,66,31,1,42,45,55,86,69,19,17,41,30,51,34,40,8,21,52,67,38,63,74,64,54,10,23,3,37,59,71,46,9,4,22,2,60,33,18,25,24,57,58,16,20,13,7,15,44
747,83,35,50,89,88,91,29,36,98,27,32,80,66,10,76,69,1,93,87,77,95,31,55,48,21,61,62,11,96,72,65,97,12,39,5,42,68,92,94,22,46,49,78,38,45,81,6,53,67,34,70,56,100,43,64,85,25,40,52,2,73,17,28,26,84,14,82,51,54,79,4,37,63,99,75,59,90,3,8,71,41,86,47,20,74,30,23,19,9,60,18,33,58,13,7,16,57,15,24,44
748,27,76,89,32,54,73,20,48,50,49,72,28,36,93,35,78,62,66,80,90,81,44,85,68,97,91,23,95,83,86,6,5,82,88,21,53,94,63,96,38,79,77,99,1,84,61,70,16,18,47,56,45,75,31,60,8,29,12,87,3,64,34,100,10,7,11,98,19,43,69,65,59,92,37,41,25,52,55,67,15,30,17,22,51,42,40,26,14,9,71,4,39,33,74,2,57,24,46,13,58
752,29,2,50,36,54,11,69,46,32,35,31,49,66,15,13,65,62,53,8,5,68,56,45,22,48,89,27,25,42,17,28,61,26,14,7,21,34,60,12,18,38,83,6,97,19,1,3,52,40,39,88,93,82,47,87,98,100,41,72,63,10,55,85,91,20,71,96,81,95,76,70,23,94,92,64,59,51,9,78,37,4,86,77,30,33,57,73,80,84,74,79,43,67,75,90,24,99,44,58,16
763,54,32,62,35,66,50,72,63,36,80,48,68,53,27,89,56,77,7,34,6,49,93,26,14,78,83,28,18,47,20,65,70,61,81,45,29,21,69,90,76,38,25,73,12,31,92,98,87,19,17,96,84,52,75,95,11,22,100,40,88,79,97,99,91,42,10,74,23,85,71,1,46,39,13,94,30,82,55,5,51,59,8,3,86,4,2,43,37,33,41,67,64,15,60,9,16,44,57,58,24
765,89,91,94,77,72,93,80,86,32,53,76,78,67,92,88,87,68,81,62,50,35,95,97,27,43,96,83,55,84,90,48,70,54,36,10,56,49,47,69,66,99,73,82,16,29,100,98,61,28,42,1,6,37,74,9,75,21,39,22,64,79,44,4,85,58,30,38,71,51,34,18,45,12,65,23,31,24,46,60,57,19,41,40,63,8,20,59,25,3,26,52,14,11,33,5,2,15,17,7,13
771,10,2,21,1,22,29,27,25,44,50,34,81,54,16,3,60,64,100,36,65,4,86,55,7,35,40,37,43,98,67,66,91,48,51,42,94,9,38,13,83,15,23,45,52,57,26,58,41,11,46,72,88,31,49,12,89,18,24,76,53,69,8,32,56,95,85,39,93,70,17,6,14,80,33,82,5,97,59,96,87,61,92,74,62,78,77,30,99,73,19,28,90,79,47,63,68,84,75,20,71
776,80,53,73,35,76,50,89,83,78,72,32,93,85,77,87,36,56,81,98,91,34,79,92,66,27,68,88,75,29,61,31,47,84,62,69,90,70,11,97,21,100,39,42,65,52,49,96,14,41,51,5,48,28,82,26,25,54,95,99,12,22,74,40,94,59,2,1,6,23,45,10,38,30,55,3,43,17,63,46,33,20,19,37,67,71,86,64,4,24,9,13,8,44,60,18,16,57,15,7,58
778,89,94,97,90,68,93,28,95,71,47,82,86,92,62,20,96,91,49,72,54,18,48,84,36,77,60,87,63,27,76,66,78,88,19,99,32,69,15,46,53,23,83,70,59,81,6,8,50,22,35,38,9,55,45,57,74,75,7,29,56,37,40,14,43,3,67,80,25,61,42,34,73,21,11,1,85,26,12,30,79,65,41,10,44,4,13,64,39,33,100,24,98,17,31,52,51,16,5,58,2
785,89,87,36,76,94,88,93,78,91,96,27,90,10,95,66,97,82,28,35,75,62,19,86,49,84,72,1,73,83,69,23,16,81,48,50,18,6,32,92,85,68,63,99,61,70,38,55,44,5,40,79,64,59,43,80,12,34,31,11,9,71,60,67,22,45,77,3,98,30,29,56,25,57,37,41,53,8,65,39,54,47,42,100,52,51,33,24,46,21,26,20,14,4,2,74,58,7,15,13,17
795,54,27,53,81,72,21,42,34,65,50,98,80,83,26,31,14,47,29,61,76,35,6,78,51,22,92,49,95,91,32,77,3,39,56,89,12,93,70,68,36,5,73,69,25,75,20,87,45,100,52,11,46,66,62,28,88,2,10,55,97,38,94,79,74,59,67,33,48,23,41,40,30,60,85,43,1,99,84,90,96,24,86,82,17,9,16,19,4,7,71,64,63,37,13,15,58,57,44,8,18
796,42,62,54,32,61,76,78,73,39,31,77,72,68,28,89,88,49,19,90,93,50,79,83,85,97,80,82,91,21,35,75,81,84,46,7,69,6,96,20,98,40,47,100,38,53,65,92,86,12,87,52,48,95,99,26,36,56,29,14,66,63,70,30,11,27,45,34,51,94,60,74,41,55,22,71,25,3,33,9,13,23,59,5,24,4,2,17,43,10,67,37,64,18,1,15,57,8,44,58,16
797,38,50,35,29,56,53,62,40,26,25,14,32,36,95,54,61,22,65,19,21,2,7,27,34,68,48,69,28,10,66,47,46,70,89,11,31,12,92,49,23,60,1,52,13,3,42,100,8,55,93,16,9,45,81,96,64,94,76,18,97,86,84,51,72,73,39,44,5,90,24,15,67,57,88,6,59,98,91,30,99,17,41,43,83,63,78,85,87,4,82,20,77,37,79,80,33,74,58,71,75
806,69,31,49,36,61,50,87,66,35,53,62,93,32,96,92,89,54,38,46,29,19,95,56,16,27,42,68,13,88,81,10,47,48,12,65,86,6,15,28,55,76,72,3,100,39,18,73,9,94,85,45,91,78,26,82,99,21,60,14,22,1,84,70,5,77,23,79,90,40,44,98,24,57,34,67,2,83,75,43,97,37,11,80,63,41,64,74,59,8,58,25,51,20,30,52,4,33,17,7,71
808,27,8,31,61,68,49,89,84,78,32,62,12,72,19,99,28,11,46,65,90,29,36,45,71,82,83,93,6,81,5,50,73,53,40,35,39,69,54,3,100,38,63,48,88,76,56,14,85,75,86,30,79,96,26,94,95,42,87,70,97,77,91,10,60,23,66,52,34,55,15,44,47,21,17,22,43,67,80,51,98,33,1,64,25,59,92,9,41,74,4,37,2,24,20,57,16,13,18,58,7
815,81,76,40,73,87,100,80,85,72,78,89,79,92,77,93,42,96,10,27,83,90,47,36,53,88,54,35,1,34,50,21,91,46,6,75,68,82,65,56,39,70,32,22,61,25,84,12,9,23,95,62,98,49,14,94,69,3,74,26,51,43,45,59,99,29,38,4,86,31,41,52,55,60,11,66,28,24,67,64,97,44,30,63,48,19,57,33,37,18,5,71,15,2,20,17,7,58,13,8,16
816,76,83,35,91,98,80,50,65,72,53,69,27,78,87,73,93,66,88,29,89,49,36,12,42,39,56,32,84,6,79,61,81,14,94,26,96,100,70,75,48,85,55,97,34,54,45,77,90,46,21,92,82,28,62,22,31,68,30,99,67,43,10,47,1,63,17,95,11,9,5,38,3,52,4,24,33,25,40,41,37,51,64,74,23,59,2,57,16,19,58,60,18,13,15,86,20,71,44,8,7
818,32,50,35,54,31,49,89,27,66,83,29,48,68,53,62,61,72,76,21,80,98,36,5,73,69,47,95,93,65,42,20,28,88,38,34,56,85,91,77,6,26,97,78,16,94,14,39,12,81,92,70,19,46,79,45,63,82,99,100,11,25,22,10,90,86,52,84,87,96,55,23,8,3,17,75,51,71,1,7,13,40,18,67,43,30,74,59,2,41,37,64,15,60,33,4,9,44,58,24,57
827,27,29,2,48,100,31,36,66,50,85,46,65,83,21,73,78,11,72,35,84,61,80,26,99,98,32,79,5,49,53,56,93,14,69,12,82,89,90,52,1,40,68,76,22,13,34,39,77,91,62,88,51,71,45,6,55,10,96,3,63,75,30,81,17,70,8,87,25,54,4,19,28,41,64,47,97,94,59,42,38,43,74,37,92,23,95,33,67,20,60,15,9,86,24,18,7,57,58,44,16
835,49,29,54,65,50,31,83,17,53,21,69,28,36,35,42,98,61,66,32,18,48,46,26,89,62,14,68,25,72,39,34,22,7,20,27,5,11,100,6,2,63,56,52,70,76,1,60,45,12,15,73,19,95,85,8,13,47,80,38,97,88,93,10,55,78,64,40,82,4,91,77,92,30,90,71,84,51,87,23,3,79,41,33,57,43,81,94,67,9,86,59,96,75,99,37,74,24,58,44,16
839,89,72,91,97,86,62,76,93,77,88,68,32,78,94,96,28,81,92,95,99,48,84,80,66,83,87,90,27,35,47,71,70,82,73,50,61,49,19,79,53,38,36,21,5,6,54,56,69,23,8,29,98,40,9,75,85,55,11,65,63,74,45,43,59,34,30,67,12,1,31,10,24,41,44,3,100,52,14,39,26,37,51,42,46,20,22,18,25,57,60,64,33,4,2,58,16,17,15,7,13
853,76,54,77,32,89,88,68,91,97,80,62,50,28,48,35,73,53,72,20,19,82,1,83,56,47,49,29,63,78,94,92,93,66,79,10,61,11,90,36,21,6,95,70,85,14,84,31,5,40,7,96,65,74,71,81,27,26,8,45,18,38,87,17,69,75,64,34,99,98,100,30,42,60,39,55,12,23,86,43,51,59,25,33,52,3,46,2,67,9,22,41,15,13,24,37,4,57,44,16,58
855,54,46,49,66,69,62,36,42,22,21,12,61,48,27,6,10,28,1,25,31,11,34,40,38,32,45,68,63,70,55,23,39,93,41,14,47,65,26,100,18,72,59,50,94,64,35,56,67,76,81,2,9,51,3,43,89,20,4,88,52,5,30,37,96,97,82,91,87,29,24,86,19,13,83,53,90,78,92,60,71,57,85,33,73,17,84,95,77,98,44,99,58,80,79,75,74,7,16,8,15
866,2,29,69,11,21,8,50,66,27,38,36,62,35,12,68,91,88,56,32,72,89,42,9,48,96,22,57,18,53,94,10,39,40,86,99,97,93,26,55,92,34,5,23,25,71,47,19,87,63,61,46,100,90,49,41,1,84,14,95,6,60,45,70,54,59,31,65,28,78,44,52,4,3,76,82,67,81,30,24,83,77,74,43,37,51,7,17,64,33,80,85,98,79,73,75,13,58,20,15,16
871,54,10,49,36,27,69,42,1,64,50,31,53,28,66,56,32,35,5,68,47,11,55,46,61,29,45,12,43,48,76,39,62,93,89,15,6,22,21,3,24,23,67,30,2,88,72,33,9,81,14,60,65,59,87,38,26,63,7,25,18,90,16,78,4,70,58,84,37,57,40,92,41,51,75,13,80,8,34,95,19,20,94,44,82,91,83,73,85,97,100,96,77,71,52,74,98,17,79,86,99
874,27,66,36,50,35,89,2,29,31,32,49,56,69,11,21,53,80,87,61,83,100,76,1,72,62,48,68,93,78,14,73,98,77,65,6,85,26,91,38,41,88,42,7,12,75,64,51,3,81,39,5,47,10,92,59,8,28,95,97,23,54,96,46,43,18,70,55,71,60,57,45,9,4,52,67,17,34,79,74,40,33,22,37,90,94,19,30,86,82,25,24,84,99,13,63,15,58,44,16,20
882,62,31,61,32,68,35,50,10,19,54,22,73,77,70,40,34,38,88,55,90,52,5,28,20,94,25,85,80,36,49,78,46,65,56,100,72,83,89,48,79,47,66,84,21,82,92,26,93,95,76,91,67,42,43,69,97,27,1,29,59,51,39,6,64,63,11,30,16,75,12,74,2,71,23,96,87,14,37,53,18,60,81,9,86,98,45,24,41,33,4,99,57,13,3,58,44,7,17,8,15
884,32,80,35,61,27,56,62,40,93,76,89,50,36,68,87,70,88,45,72,96,73,52,12,48,78,69,81,46,100,77,28,83,66,79,91,53,49,85,84,47,34,55,31,11,25,22,65,97,4,6,1,30,63,29,23,14,38,26,41,39,59,10,54,43,75,90,21,37,67,3,42,33,19,94,92,64,82,98,5,9,99,74,2,51,24,71,60,44,95,57,58,20,15,7,13,86,18,17,8,16
885,34,65,21,38,26,62,29,51,54,68,32,3,6,36,70,27,66,60,22,12,50,25,39,10,45,94,14,35,69,47,48,42,83,56,63,5,49,28,78,2,40,30,11,86,33,72,43,98,31,53,67,73,52,100,77,61,55,19,9,90,82,89,95,79,71,57,41,81,84,24,76,18,91,99,46,88,85,74,75,97,80,7,23,87,93,8,1,59,16,17,37,92,15,20,4,96,44,64,58,13
890,27,69,32,66,54,53,36,49,72,50,21,68,42,31,29,48,61,62,35,56,89,12,65,93,6,28,39,76,14,26,78,2,47,73,87,11,80,83,46,19,100,5,34,8,81,88,17,45,91,77,98,79,22,63,20,52,82,99,70,85,75,84,25,13,71,18,96,97,38,90,55,51,3,40,10,7,30,94,92,41,4,1,23,74,59,15,95,16,33,64,67,43,86,9,60,24,57,58,37,44
891,100,53,39,14,42,21,72,31,78,32,65,11,69,61,50,26,81,36,73,40,12,27,54,34,66,83,79,93,38,52,98,80,87,6,49,35,68,48,76,46,56,85,47,62,77,96,22,92,70,75,25,84,99,19,51,41,4,89,17,28,30,29,23,45,82,43,90,5,74,59,2,10,88,91,67,95,55,63,3,86,9,64,7,24,33,94,20,97,1,8,44,18,60,58,37,71,57,13,16,15
892,19,94,28,62,18,68,97,48,63,82,66,54,20,32,49,36,69,38,91,35,47,50,88,29,89,21,7,61,56,93,96,70,11,8,45,42,72,12,76,6,71,40,16,95,27,23,34,22,90,53,5,26,46,14,92,25,39,31,10,87,9,59,55,65,57,60,17,84,83,73,100,79,30,86,67,52,99,13,78,37,1,81,43,2,85,77,41,33,64,3,4,24,15,44,80,58,74,98,75,51
899,91,89,76,88,97,35,29,94,50,8,7,86,62,32,83,16,93,68,53,95,96,72,92,1,90,87,36,81,65,19,100,49,66,98,78,82,13,15,27,85,84,71,48,10,99,73,69,21,47,54,61,56,31,38,44,80,5,77,75,42,55,79,60,64,40,28,23,46,26,34,22,3,17,18,39,25,14,37,6,63,67,70,11,43,4,45,12,9,74,59,58,52,41,2,51,57,20,24,33,30
905,31,27,32,50,61,36,1,66,5,11,100,29,21,48,35,2,52,53,40,65,49,10,69,25,34,62,56,12,68,26,14,83,81,22,45,89,85,98,54,88,46,38,80,6,93,39,41,76,51,64,3,72,70,42,73,87,47,23,28,19,4,17,8,78,37,55,30,97,91,63,18,79,59,96,77,9,99,92,20,33,86,82,84,43,24,44,67,13,57,7,94,74,90,60,75,95,71,58,15,16
913,65,35,50,29,53,62,38,56,42,46,69,26,32,54,14,22,21,36,89,49,91,34,68,31,12,95,13,27,61,47,55,1,39,76,81,92,25,88,18,66,93,96,45,98,23,10,87,9,44,72,97,100,60,83,48,57,86,70,6,94,3,52,40,11,2,41,28,63,67,64,15,17,4,59,43,99,7,85,5,24,73,37,8,30,51,79,84,33,82,90,19,80,78,58,16,77,74,20,75,71
917,7,54,36,49,27,66,48,13,15,69,62,46,28,68,6,14,45,65,1,63,31,32,17,12,61,26,53,29,56,38,50,35,20,18,11,47,10,19,21,89,23,93,3,76,100,8,83,72,64,70,94,97,34,95,55,60,81,22,40,87,42,96,91,73,59,90,16,82,78,25,43,44,92,88,71,67,84,77,41,85,98,39,86,37,4,80,5,74,2,75,79,30,99,58,51,9,33,52,57,24
920,90,29,89,28,62,99,68,32,88,63,84,82,83,20,49,5,19,97,50,35,31,47,61,76,79,73,52,94,91,70,86,96,85,1,71,48,54,60,10,93,65,8,78,40,98,34,100,64,11,18,25,38,72,95,15,55,77,53,45,80,3,46,6,22,17,43,30,66,26,56,9,81,92,27,23,67,12,4,24,75,39,36,14,42,69,41,2,57,33,37,87,21,59,74,7,51,44,58,13,16
923,38,50,69,22,35,36,11,12,29,42,23,56,25,2,9,65,32,54,10,21,18,45,57,55,27,91,26,14,39,6,1,44,66,62,88,76,34,41,67,46,59,53,87,64,5,61,40,60,68,4,81,43,3,89,49,97,94,72,24,70,63,31,30,52,48,37,95,83,33,47,100,16,28,92,96,7,93,98,58,8,86,51,80,13,78,85,19,84,74,15,77,73,82,90,17,99,75,79,71,20
924,49,62,54,66,68,21,69,48,36,32,8,65,29,19,28,61,27,71,89,31,26,42,50,14,53,35,12,63,97,46,72,17,13,38,47,83,76,93,11,7,18,88,82,56,91,6,5,90,39,86,96,94,77,84,92,98,45,40,95,100,78,99,20,34,2,81,87,70,22,1,25,73,74,15,51,10,30,3,79,55,23,85,80,52,37,75,60,59,9,4,16,41,64,33,57,24,67,43,44,58
925,89,91,94,86,62,90,8,97,68,88,95,44,96,76,18,84,32,53,36,47,10,21,35,50,16,38,27,29,93,1,82,71,69,63,23,46,49,48,99,92,60,66,72,55,19,22,67,56,42,64,28,57,43,20,87,25,40,34,39,31,9,65,12,78,15,61,83,70,26,17,59,37,58,14,85,100,54,7,77,4,11,81,45,13,41,6,79,30,73,3,52,75,33,74,2,51,24,98,5,80
929,7,29,5,21,65,36,27,66,35,50,69,54,26,39,6,42,48,40,76,11,12,83,19,61,14,72,53,56,100,98,62,78,32,73,25,31,88,68,51,38,17,70,2,34,63,47,49,10,45,28,85,3,75,79,52,87,20,89,1,80,22,4,93,81,33,23,91,92,95,30,46,90,55,41,59,99,97,18,60,64,84,43,8,13,15,67,77,96,82,74,94,71,24,37,9,57,44,58,86,16
933,50,35,36,1,10,56,53,32,49,29,27,69,31,2,89,62,28,12,22,54,68,38,66,45,46,18,94,47,61,25,88,64,63,97,48,26,34,55,14,3,11,91,60,92,23,19,15,21,82,96,80,95,70,9,6,93,40,42,65,57,87,52,90,67,43,76,84,59,81,39,37,83,100,13,30,72,77,41,24,33,98,20,16,85,99,78,4,44,8,5,86,51,73,58,7,74,79,71,17,75
934,83,54,7,36,35,80,29,77,76,78,90,50,27,66,72,65,89,63,98,62,49,93,81,6,28,48,73,19,85,68,26,88,69,84,42,17,21,32,45,75,82,12,92,20,5,87,39,53,95,71,56,79,100,91,25,96,14,97,11,18,61,47,51,74,22,31,34,99,46,70,13,38,94,40,3,15,52,2,30,60,4,86,59,55,23,8,33,41,10,1,9,43,37,64,67,24,44,57,16,58
938,53,29,68,69,62,50,66,54,49,89,47,35,65,32,46,42,56,21,36,48,61,27,6,72,5,12,31,11,92,76,14,39,63,26,28,88,93,22,91,45,20,2,83,55,95,34,97,94,70,10,23,59,38,87,13,1,18,25,96,90,78,41,84,71,17,98,81,67,99,37,40,51,73,9,8,100,30,3,16,82,43,85,80,60,52,19,77,64,15,86,75,79,33,4,57,74,24,44,58,7
940,89,47,94,50,27,29,91,93,53,35,96,97,46,36,88,22,90,83,68,82,66,48,95,84,62,49,92,34,69,26,65,25,32,31,45,98,76,80,56,72,3,14,63,78,87,28,21,12,99,23,61,55,85,81,70,38,77,20,54,10,86,2,39,40,42,59,6,19,11,52,60,100,73,41,43,67,1,30,79,15,37,71,33,9,75,51,74,4,64,44,5,24,17,57,13,16,18,58,8,7
941,18,16,60,15,86,95,36,13,72,57,22,20,94,100,93,27,89,34,7,81,32,38,54,46,85,21,90,50,99,91,10,31,87,83,98,96,66,49,25,55,69,35,44,42,62,48,37,82,88,9,5,73,53,23,84,76,65,68,61,67,17,47,78,8,29,97,1,92,70,3,43,79,63,19,39,41,40,52,80,4,77,45,51,59,6,56,58,26,14,11,28,64,12,74,75,24,33,2,71,30
945,38,3,1,81,61,46,27,40,31,21,56,48,100,45,23,88,35,76,10,66,62,95,91,14,47,64,26,68,85,55,59,36,11,89,22,41,54,50,43,93,52,60,97,67,4,29,53,25,73,96,44,70,49,15,65,72,6,32,86,12,9,92,51,33,87,37,34,69,78,94,83,2,82,28,39,24,30,79,99,42,84,98,71,80,90,63,8,77,74,19,75,58,57,17,5,7,20,13,18,16
948,27,36,31,50,46,53,32,62,61,66,89,35,68,47,91,65,88,93,76,92,56,40,22,78,26,69,81,97,48,49,54,34,10,29,14,87,80,72,12,25,55,83,95,1,21,38,3,96,6,75,77,90,19,23,42,28,2,98,59,11,100,99,43,64,94,18,52,60,20,39,67,70,86,45,85,41,82,84,9,73,5,63,24,30,13,57,51,74,79,33,4,44,71,37,15,7,58,17,16,8
952,53,89,76,50,72,35,83,32,29,91,65,68,88,98,78,93,81,97,87,62,95,42,96,49,84,61,80,54,92,56,69,39,36,8,90,14,26,5,27,28,17,31,21,77,47,75,94,6,99,11,45,73,48,12,71,38,46,70,63,86,66,1,85,100,15,19,60,55,18,20,82,79,40,10,34,23,25,67,30,2,74,59,43,9,22,64,52,41,51,4,37,33,3,44,16,57,7,58,24,13
953,31,36,32,66,49,7,50,61,27,48,35,98,46,19,80,21,83,100,69,38,53,93,54,97,89,28,62,81,88,40,85,34,52,12,56,25,29,1,76,41,87,11,68,45,22,91,39,42,96,3,65,63,73,14,90,10,20,47,72,78,13,77,82,17,26,6,64,5,84,55,94,70,23,86,51,30,2,79,95,99,33,75,43,92,18,4,67,9,59,74,60,24,15,44,37,8,57,16,58,71
958,49,54,28,48,62,66,89,53,68,97,76,92,47,21,65,91,32,72,93,82,46,50,36,14,63,6,61,88,29,69,94,42,95,83,35,27,1,31,11,19,78,86,26,90,96,18,70,12,81,45,38,20,56,39,73,23,100,87,22,40,98,77,34,17,71,25,30,7,10,64,84,85,55,5,75,9,8,43,59,41,99,67,4,51,79,33,24,3,60,80,37,52,13,74,57,2,44,58,15,16
959,65,29,36,54,34,50,27,21,25,5,12,26,35,31,69,32,22,40,100,66,62,2,10,53,14,42,83,6,56,68,1,46,7,52,11,49,47,61,98,76,39,38,91,81,45,88,48,89,18,63,23,19,97,17,85,70,51,4,72,44,92,59,3,64,41,94,80,55,43,20,67,28,73,78,95,13,82,77,87,16,30,79,86,74,93,37,90,8,9,24,71,58,84,96,75,33,57,60,15,99
961,62,68,54,47,32,36,89,28,35,29,50,49,97,38,66,56,18,93,69,88,48,53,15,45,92,76,11,20,8,87,91,19,71,27,61,95,5,81,14,82,13,7,96,63,31,72,1,94,60,26,23,3,6,46,2,86,59,12,65,70,42,55,77,83,25,22,10,41,73,37,9,64,78,85,84,40,17,21,57,30,39,34,90,33,52,80,100,4,43,99,74,24,67,79,75,98,51,58,44,16
969,13,46,66,49,36,27,50,5,48,29,31,18,32,54,61,2,1,55,38,11,22,35,69,21,10,60,28,93,62,3,8,88,64,23,56,91,45,57,15,65,76,89,9,68,72,44,63,42,53,97,94,34,25,6,26,12,20,87,96,81,47,40,70,41,86,90,100,14,82,19,37,39,67,52,85,95,7,43,99,83,24,59,84,30,73,33,78,4,16,98,51,17,80,79,92,58,77,75,74,71
977,80,78,89,77,82,90,76,85,72,81,73,84,94,83,100,28,87,11,88,40,27,93,10,75,97,32,49,99,91,1,68,96,35,50,23,25,79,22,52,36,62,34,70,71,31,86,61,56,47,95,43,12,3,59,92,30,37,64,39,38,41,53,14,4,74,2,45,55,67,60,19,63,33,98,6,46,26,51,9,42,29,21,69,24,66,8,57,54,48,44,20,65,7,5,18,16,17,58,15,13
978,13,46,22,21,36,69,32,42,48,96,55,66,15,93,39,54,8,10,1,31,49,91,5,50,62,60,86,38,40,65,61,68,11,3,34,25,89,90,53,99,27,84,7,19,64,88,76,81,87,16,29,12,45,35,94,23,44,14,63,17,97,72,83,98,95,26,20,41,18,47,51,56,82,9,100,85,28,43,2,67,33,78,6,92,59,30,77,24,70,57,4,58,37,71,80,73,52,74,79,75
994,72,90,63,62,21,93,68,89,78,48,76,97,84,54,81,92,88,27,28,71,29,91,96,20,2,82,6,45,47,66,50,42,12,94,39,61,100,87,36,49,95,30,35,40,19,85,73,99,83,69,59,25,32,52,70,31,86,77,22,53,37,56,26,33,34,75,65,4,41,51,11,23,9,10,1,80,3,43,79,98,67,55,38,14,74,64,24,46,60,5,7,18,57,44,58,17,16,8,13,15
995,29,5,88,91,48,36,54,8,19,50,13,97,66,94,15,18,1,10,2,49,32,35,11,69,46,27,82,28,89,93,55,68,20,76,62,63,53,7,72,60,40,90,64,84,61,45,95,22,56,21,31,38,47,71,42,65,78,96,92,87,6,83,17,39,26,3,99,25,86,12,14,70,23,67,81,34,37,43,100,4,30,98,77,85,59,33,79,9,57,75,16,41,80,51,52,58,74,73,44,24
998,31,32,50,81,35,53,49,65,36,89,61,62,80,27,16,54,83,68,10,21,26,56,100,46,14,5,18,29,98,78,2,11,93,51,1,90,12,72,17,77,42,19,87,96,88,75,94,20,9,24,6,48,64,66,82,38,28,39,84,52,76,91,97,8,40,69,85,45,30,3,34,73,57,23,60,22,92,47,7,55,95,79,99,63,25,67,59,13,33,37,70,43,44,41,71,86,58,74,4,15
1001,15,36,29,1,35,50,53,69,76,89,2,85,87,66,88,56,27,54,93,91,72,81,73,49,10,3,64,97,95,47,100,82,60,48,42,45,68,46,92,13,94,31,83,32,55,84,22,78,39,41,62,23,65,59,21,18,61,28,11,7,96,25,38,79,98,43,90,26,4,80,14,37,5,44,33,8,40,70,6,67,9,12,51,75,57,17,19,52,34,30,63,24,99,71,86,20,77,16,74,58
1006,36,1,27,10,91,89,88,93,62,35,66,50,87,96,97,69,76,48,53,95,32,29,81,15,31,94,68,45,34,65,38,3,92,8,56,25,86,83,16,18,49,64,17,21,12,60,22,9,14,72,47,61,26,54,23,98,40,57,42,55,11,84,20,28,44,7,82,52,100,6,99,63,19,37,5,70,77,90,78,13,80,39,67,46,71,2,43,59,85,33,24,41,51,30,73,75,58,79,4,74
1010,94,90,48,28,27,82,95,60,9,84,97,21,10,66,93,38,67,43,72,22,57,86,62,25,70,30,99,19,78,63,91,24,88,55,49,1,23,26,96,2,42,20,44,68,92,33,59,40,64,50,37,11,4,35,71,34,6,69,89,47,83,77,54,39,7,3,29,56,65,14,41,76,12,51,74,53,100,18,36,32,46,45,75,80,85,98,17,87,8,52,58,61,16,73,5,81,31,79,15,13
1014,94,54,9,23,86,28,38,95,60,63,62,89,10,42,44,69,68,55,48,76,91,82,47,96,88,19,57,6,18,49,70,66,45,40,97,67,92,32,93,43,22,20,21,50,24,59,46,35,90,61,11,64,39,87,3,16,8,12,30,73,36,29,72,1,56,33,79,77,34,71,41,25,37,84,81,14,83,99,26,27,85,53,15,4,74,7,31,52,100,65,78,58,2,80,13,5,17,51,98,75
1020,89,86,94,54,95,47,62,68,92,38,23,46,93,32,96,60,28,50,87,35,91,76,55,97,44,49,69,81,88,18,36,22,9,45,70,77,10,53,72,56,42,43,6,67,15,66,82,48,40,1,29,25,14,59,83,65,3,63,37,34,26,27,78,57,64,12,90,19,80,39,61,84,4,41,24,74,7,21,71,20,85,11,99,30,73,8,13,79,98,16,33,75,58,100,52,31,51,2,17,5
1030,45,29,89,47,83,73,30,28,6,78,65,3,39,85,56,33,68,23,48,70,11,14,35,62,82,92,26,77,40,60,80,63,76,43,59,72,79,88,12,93,51,87,1,96,52,50,66,10,84,95,21,75,100,42,71,61,4,25,97,67,49,9,64,41,53,38,55,99,37,27,69,34,94,22,31,90,98,74,32,91,46,81,54,36,24,19,86,44,7,2,15,5,57,20,17,58,8,18,13,16
1034,88,91,11,29,76,3,2,50,48,54,10,1,78,72,85,38,46,45,35,66,65,15,73,55,27,14,83,94,13,61,97,82,31,40,100,79,60,99,41,56,32,84,5,93,6,26,89,49,69,81,21,36,23,62,12,47,77,30,64,96,22,7,63,98,37,17,90,59,33,80,39,68,95,53,43,87,52,70,34,28,75,24,67,86,92,74,4,42,8,9,25,19,20,51,44,16,71,57,18,58
1035,29,1,50,2,35,36,10,5,64,87,81,31,88,72,69,11,89,38,53,93,56,65,25,27,49,61,54,22,76,32,23,15,95,66,55,41,96,48,60,21,52,91,97,98,62,83,45,78,42,40,7,46,26,28,37,85,18,14,47,39,100,4,3,59,84,44,43,9,92,68,67,94,34,70,86,80,12,8,57,30,19,73,82,13,90,33,6,24,75,99,16,58,63,17,51,79,77,20,74,71
1037,27,72,100,69,65,66,36,29,21,49,78,31,86,8,48,87,89,46,85,93,42,2,22,54,50,26,34,83,44,6,7,1,11,53,13,71,95,39,37,14,4,32,62,98,82,61,77,25,68,5,15,55,60,81,12,35,91,96,43,75,56,94,23,73,52,88,84,45,97,10,70,18,40,38,76,80,92,90,67,3,74,28,99,19,47,59,9,41,57,64,79,17,63,30,33,51,24,58,20,16
1046,81,76,93,72,27,42,78,87,49,54,34,21,36,73,22,70,100,51,28,91,52,11,61,39,10,88,96,6,12,69,41,90,25,40,2,50,66,79,84,3,45,94,89,80,23,59,56,92,35,31,55,85,47,29,83,9,1,82,75,26,65,32,68,38,62,53,14,30,4,77,48,99,97,98,46,24,67,43,64,95,86,33,60,63,5,74,19,7,37,44,57,71,16,58,20,18,13,15,8,17
1053,97,89,71,91,62,19,68,90,93,94,86,76,28,88,83,82,20,8,96,7,54,32,72,63,48,36,84,66,49,29,77,78,87,18,95,92,81,17,47,35,27,50,15,65,99,75,98,69,53,6,45,1,5,80,61,11,13,40,74,60,38,26,14,21,56,59,12,64,23,73,3,16,70,42,79,46,30,100,10,9,85,41,55,31,33,37,25,34,2,4,39,57,24,22,67,43,51,52,44,58
1055,28,47,54,69,49,72,93,78,48,27,66,68,89,82,6,76,97,19,46,71,96,94,77,87,61,42,62,36,12,92,86,90,91,84,88,21,40,39,75,99,95,14,31,63,30,83,32,81,53,9,73,70,65,59,45,23,79,24,22,11,74,26,25,3,41,67,38,55,85,56,43,80,100,34,20,60,50,52,33,35,10,4,64,29,8,57,98,51,37,18,1,44,17,58,7,16,5,2,15,13
1058,50,10,35,32,61,53,56,62,16,38,89,54,31,1,60,68,40,48,29,19,27,47,72,55,70,94,14,95,28,88,49,93,26,69,8,64,23,21,67,66,9,37,5,36,11,43,42,65,57,46,76,44,22,18,73,3,25,45,15,97,87,24,100,2,39,7,81,85,84,92,34,30,6,80,96,20,91,78,52,99,33,90,82,12,58,86,51,13,79,77,63,59,4,83,17,41,98,75,74,71
1065,38,46,22,44,9,31,57,42,61,60,69,49,2,55,23,10,11,25,56,32,34,40,1,62,50,65,26,18,100,54,67,35,66,24,36,43,64,12,3,21,39,4,52,41,6,70,37,29,87,14,45,68,59,33,28,86,13,72,27,30,7,5,8,96,93,63,88,94,47,48,85,53,76,91,81,89,15,19,58,78,97,51,16,90,83,95,73,80,75,74,82,84,77,99,98,92,71,79,17,20
1076,22,9,90,43,91,27,42,23,25,76,89,82,68,88,94,40,72,87,47,96,67,34,78,97,39,60,21,28,93,81,57,59,84,10,55,80,44,46,36,62,70,92,86,12,95,4,83,77,69,56,30,24,38,6,35,1,41,26,49,33,71,85,64,63,100,45,32,53,50,48,75,3,65,14,52,73,54,99,66,74,11,29,18,19,98,79,61,37,31,51,2,58,20,15,5,7,8,17,13,16
1084,29,2,50,35,11,27,28,32,49,89,56,69,1,68,62,90,36,48,21,63,66,84,42,93,38,22,25,12,72,64,96,18,8,10,61,71,7,47,54,99,60,39,41,76,70,26,45,97,83,14,88,52,31,55,37,23,40,4,46,9,34,57,6,77,94,53,82,59,78,100,65,85,19,87,91,86,13,80,73,30,43,3,67,15,98,51,81,92,17,33,95,74,58,20,5,24,79,75,16,44
1089,81,83,98,78,87,50,65,29,93,80,96,35,89,72,91,86,76,75,79,53,36,77,32,73,3,88,84,100,99,17,15,27,66,90,9,45,5,10,54,24,34,60,85,95,92,94,1,41,31,69,74,44,61,70,55,6,2,38,43,49,48,52,40,62,12,67,56,30,26,97,39,82,51,42,18,46,11,64,68,14,57,33,8,22,4,21,23,47,63,28,25,19,59,37,58,16,7,71,13,20
1091,65,29,50,49,31,5,53,36,21,35,61,69,27,54,2,26,14,66,32,12,62,46,34,11,98,42,76,56,83,1,89,10,17,13,28,68,100,7,48,25,22,39,40,6,47,38,72,52,45,88,70,8,73,81,92,3,19,95,91,64,16,51,55,93,87,85,97,78,63,23,41,18,15,79,96,59,4,37,80,20,94,82,43,67,84,30,60,99,9,75,33,90,24,86,58,71,57,77,44,74
1097,50,32,35,89,53,62,68,88,91,29,5,36,72,97,81,76,92,56,47,54,90,65,27,95,78,83,80,20,19,94,93,69,12,87,18,84,42,38,63,96,28,34,21,31,98,66,61,77,6,10,25,45,26,39,99,70,82,75,49,73,22,40,11,48,23,14,60,86,3,52,55,59,1,85,79,43,9,2,67,41,51,30,15,100,57,74,33,16,64,24,37,44,46,71,17,4,58,8,7,13
1118,54,27,21,66,7,48,29,72,50,91,88,5,97,36,6,35,22,60,49,76,46,31,53,56,18,61,25,65,68,100,32,26,55,57,47,89,38,78,11,95,9,2,62,69,3,94,33,23,4,28,45,63,30,51,85,19,42,83,24,14,92,40,80,12,1,67,37,59,34,93,70,43,90,98,52,10,39,81,44,82,41,87,64,13,75,77,86,84,73,20,71,74,8,15,58,96,99,79,16,17
1122,5,1,10,18,11,36,35,7,38,60,50,32,13,21,2,29,56,66,57,64,31,46,69,55,22,41,62,61,40,27,49,23,48,68,100,42,39,25,9,88,65,8,59,53,83,3,89,34,26,37,44,19,43,72,14,12,4,87,70,67,80,15,52,33,91,51,85,54,47,98,94,6,28,45,76,30,24,78,63,93,17,97,95,96,90,16,99,20,84,86,73,58,82,75,77,74,81,71,92,79
1125,36,18,66,29,50,69,32,62,48,27,35,13,54,68,53,56,2,49,89,93,7,63,8,28,61,19,87,47,38,11,45,5,46,34,12,76,31,21,65,22,91,20,10,1,26,14,92,88,40,96,97,15,6,25,72,81,95,70,94,42,55,100,82,57,23,90,84,39,17,78,3,71,60,73,9,16,59,86,37,64,52,30,41,51,85,83,77,4,79,43,67,75,33,99,98,44,74,24,58,80
1127,36,54,27,69,66,18,6,31,42,21,12,1,7,61,10,22,64,39,5,23,40,25,11,49,50,52,100,63,34,48,19,72,26,28,38,55,3,65,2,46,45,29,35,60,14,47,57,59,53,32,78,9,13,44,70,97,56,81,68,87,95,83,30,91,67,43,24,41,88,76,94,20,4,85,33,80,98,16,62,90,73,51,93,89,75,92,37,82,99,86,84,8,58,96,15,74,79,77,17,71
1130,66,91,97,27,29,36,93,71,48,89,76,88,69,62,54,68,8,2,21,19,87,35,72,1,61,11,32,50,49,40,47,83,94,46,28,3,56,86,42,96,41,15,65,81,100,90,38,53,13,31,14,45,82,17,6,7,26,64,78,63,92,51,98,5,77,59,84,10,95,23,55,12,75,22,39,4,33,25,80,99,60,52,74,70,85,34,73,18,79,67,37,30,20,9,43,24,58,44,57,16
1135,89,62,68,47,93,28,66,36,32,94,20,77,96,49,87,86,95,48,10,63,90,78,38,92,82,50,84,70,73,76,35,18,69,6,54,88,72,56,81,29,83,1,11,45,71,23,80,53,55,99,91,79,19,97,14,43,64,27,61,41,67,51,75,59,39,26,34,85,74,12,16,42,22,46,40,98,8,31,65,30,60,3,21,25,17,37,9,2,52,100,15,44,5,33,58,13,4,7,57,24
1147,69,66,18,62,36,56,68,47,38,35,50,91,48,32,97,76,63,88,95,29,93,96,53,54,42,55,12,89,94,20,27,90,28,61,87,92,72,49,84,23,22,21,67,39,45,99,26,70,37,9,6,59,57,46,14,41,25,43,16,60,10,1,2,65,78,64,31,86,30,11,3,58,34,4,73,81,51,85,44,77,83,24,52,82,15,33,40,80,13,74,71,19,98,75,100,5,79,7,17,8
1153,31,36,95,27,12,46,89,69,61,35,39,50,62,83,38,97,78,14,26,85,23,49,56,65,19,6,40,42,21,29,87,84,11,72,59,90,28,82,68,80,98,94,88,76,2,32,96,7,92,22,73,77,47,45,63,91,100,55,53,25,60,34,43,41,37,30,66,9,52,20,75,86,93,81,67,99,70,48,10,71,3,57,54,13,64,18,1,33,51,79,44,4,24,74,16,17,5,15,8,58
1168,100,29,40,2,54,21,31,61,72,50,83,73,34,51,78,80,52,77,76,11,1,22,85,35,10,39,89,42,98,3,65,60,25,56,49,4,70,27,6,36,46,79,66,32,53,68,26,69,41,91,48,43,95,33,75,88,5,74,64,28,62,67,82,92,59,14,93,87,55,7,47,90,45,38,19,84,71,86,81,23,30,15,12,99,97,94,20,63,37,44,24,8,17,96,9,57,58,18,13,16
1169,89,50,86,94,36,31,27,100,60,32,1,91,49,10,82,85,97,53,9,2,78,81,76,44,64,72,88,21,95,35,87,23,90,61,43,46,62,57,16,40,54,19,55,93,7,22,29,67,84,3,38,24,69,83,65,37,48,11,77,96,6,66,73,68,56,18,39,41,92,30,80,42,28,12,45,4,33,59,25,14,98,75,51,26,34,47,52,8,63,99,70,15,79,74,13,58,17,71,20,5
1171,19,89,82,28,68,71,62,90,84,99,32,96,20,86,48,93,97,47,94,77,88,49,63,78,76,36,66,79,73,40,91,83,8,54,85,72,50,69,31,87,64,27,92,10,1,61,80,70,15,23,11,30,35,29,81,45,43,60,41,3,59,95,18,12,53,75,6,52,56,34,74,55,39,5,9,25,46,38,67,7,24,100,2,22,65,17,33,44,37,14,42,21,4,98,26,51,57,58,16,13
1173,36,27,18,50,2,32,35,5,57,10,11,31,69,29,60,21,100,53,8,56,1,80,66,89,81,38,61,85,22,83,25,87,49,15,41,3,34,40,12,51,68,72,88,23,62,13,73,39,54,9,76,44,78,17,98,59,42,65,46,6,7,52,24,26,19,55,37,14,70,47,79,75,45,77,4,20,82,95,64,48,16,28,91,33,86,93,74,30,43,92,84,94,90,67,99,71,97,96,63,58
1178,73,49,78,61,28,6,39,68,32,83,42,47,72,89,79,62,50,76,80,69,70,11,35,31,77,29,14,66,75,93,26,90,12,82,84,54,98,65,56,53,85,87,27,40,100,30,48,38,46,41,92,34,21,19,99,88,36,63,51,2,96,59,94,23,81,52,45,71,86,43,97,91,95,74,33,67,55,25,20,10,5,22,9,3,24,4,1,17,64,37,60,8,57,44,18,7,58,15,16,13
1179,54,61,42,68,62,66,63,49,48,21,31,32,46,47,65,53,11,6,38,69,28,39,14,76,40,50,12,35,45,22,91,26,100,70,56,34,97,5,88,25,1,89,36,92,52,93,83,29,10,55,23,72,30,67,27,95,4,59,20,64,94,43,51,33,41,3,90,73,96,37,98,78,77,82,19,17,85,81,80,87,9,71,84,99,79,60,86,18,74,75,24,8,2,58,7,57,44,13,15,16
1180,83,35,50,29,69,36,27,80,66,98,17,31,42,76,32,73,85,65,89,21,39,53,49,11,72,87,61,77,2,93,38,56,26,100,54,48,79,88,81,12,8,14,78,34,10,46,68,62,40,6,5,1,45,74,92,3,95,84,96,15,52,25,41,70,22,23,91,75,28,47,55,51,82,19,86,99,90,43,7,59,4,64,30,44,9,13,60,63,33,67,97,24,71,18,94,20,37,57,58,16
1181,7,21,2,66,48,60,50,49,100,18,54,9,11,27,32,53,72,36,57,98,42,6,31,38,14,16,77,80,35,69,39,78,83,3,19,95,29,26,94,89,24,51,13,17,93,65,82,41,56,90,61,30,86,33,63,45,87,96,81,62,12,99,85,46,37,97,91,28,92,4,68,74,10,20,75,8,84,59,76,55,23,1,73,67,64,47,43,40,88,15,22,5,70,34,79,52,71,44,58,25
1182,21,66,48,88,76,1,32,91,62,50,29,36,65,53,93,10,89,51,97,69,3,100,42,39,85,86,73,2,27,31,68,96,40,11,61,38,34,52,14,35,26,90,56,79,60,72,87,70,45,78,25,94,63,84,33,83,98,54,49,20,64,6,17,8,95,99,12,22,55,41,23,47,77,82,30,81,28,19,15,75,46,44,9,43,80,5,7,67,4,92,59,71,24,37,74,57,18,13,58,16
1187,29,35,50,83,91,65,89,88,27,76,81,10,1,42,21,95,53,97,56,98,72,93,36,87,62,69,94,54,34,96,32,66,12,92,68,14,26,6,11,38,25,45,22,61,40,5,70,55,39,17,49,31,78,80,46,48,47,23,28,3,64,67,7,2,63,90,100,52,43,75,59,99,37,84,51,77,16,20,19,73,41,9,60,8,82,85,4,79,33,13,71,30,15,18,86,58,57,74,44,24
